0.0000000 176.0492000
0.0100000 100.5166000
0.0200000 138.2021000
0.0300000 161.7232000
0.0400000 201.5712000
0.0500000 203.1666000
0.0600000 171.0062000
0.0700000 133.5394000
0.0800000 146.6915000
0.0900000 177.8097000
0.1000000 154.0318000
0.1100000 186.5327000
0.1200000 196.5137000
0.1300000 270.8145000
0.1400000 274.8685000
0.1500000 201.8160000
0.1600000 217.2711000
0.1700000 195.3372000
0.1800000 195.7484000
0.1900000 111.1162000
0.2000000 188.4491000
0.2100000 238.4415000
0.2200000 208.6454000
0.2300000 157.3939000
0.2400000 128.6004000
0.2500000 260.3612000
0.2600000 243.0528000
0.2700000 253.7941000
0.2800000 160.1480000
0.2900000 223.1900000
0.3000000 287.0794000
0.3100000 168.7318000
0.3200000 175.2174000
0.3300000 139.7361000
0.3400000 196.1741000
0.3500000 134.6535000
0.3600000 158.6330000
0.3700000 103.4185000
0.3800000 172.2266000
0.3900000 241.8863000
0.4000000 160.0107000
0.4100000 209.8045000
0.4200000 163.3759000
0.4300000 154.8093000
0.4400000 159.6235000
0.4500000 126.4507000
0.4600000 146.0506000
0.4700000 197.6674000
0.4800000 243.1256000
0.4900000 139.7959000
0.5000000 173.9065000
0.5100000 179.0070000
0.5200000 167.3116000
0.5300000 200.5702000
0.5400000 172.5011000
0.5500000 155.7140000
0.5600000 190.8429000
0.5700000 199.0101000
0.5800000 166.4661000
0.5900000 209.6338000
0.6000000 209.5662000
0.6100000 260.1428000
0.6200000 225.3978000
0.6300000 170.3182000
0.6400000 203.2487000
0.6500000 113.5146000
0.6600000 216.1548000
0.6700000 211.8249000
0.6800000 209.1404000
0.6900000 189.1674000
0.7000000 183.5291000
0.7100000 166.7835000
0.7200000 191.5893000
0.7300000 149.3350000
0.7400000 201.5123000
0.7500000 225.9926000
0.7600000 169.8091000
0.7700000 174.4874000
0.7800000 252.7601000
0.7900000 182.3207000
0.8000000 141.7415000
0.8100000 188.8941000
0.8200000 162.3874000
0.8300000 191.0880000
0.8400000 157.4602000
0.8500000 174.3617000
0.8600000 146.2634000
0.8700000 293.7957000
0.8800000 127.5401000
0.8900000 186.6750000
0.9000000 264.7953000
0.9100000 252.7191000
0.9200000 236.5106000
0.9300000 150.9411000
0.9400000 156.4591000
0.9500000 135.7849000
0.9600000 137.9557000
0.9700000 232.6053000
0.9800000 217.1998000
0.9900000 259.2740000
1.0000000 226.7313000
1.0100000 214.3927000
1.0200000 221.1046000
1.0300000 222.4902000
1.0400000 196.6304000
1.0500000 148.3625000
1.0600000 188.5726000
1.0700000 237.2429000
1.0800000 146.4302000
1.0900000 146.3143000
1.1000000 163.9191000
1.1100000 185.0240000
1.1200000 199.3846000
1.1300000 160.5764000
1.1400000 174.1001000
1.1500000 181.2945000
1.1600000 200.0720000
1.1700000 237.0190000
1.1800000 175.0038000
1.1900000 232.3450000
1.2000000 228.7407000
1.2100000 206.3083000
1.2200000 240.5726000
1.2300000 167.0175000
1.2400000 253.3696000
1.2500000 179.5948000
1.2600000 194.1042000
1.2700000 230.5410000
1.2800000 171.3519000
1.2900000 229.3102000
1.3000000 243.4727000
1.3100000 146.1758000
1.3200000 181.3897000
1.3300000 215.0879000
1.3400000 163.9705000
1.3500000 190.4677000
1.3600000 156.1058000
1.3700000 238.9300000
1.3800000 222.1024000
1.3900000 171.8294000
1.4000000 274.7256000
1.4100000 197.2193000
1.4200000 208.5587000
1.4300000 205.1028000
1.4400000 261.1586000
1.4500000 272.1826000
1.4600000 222.3100000
1.4700000 139.8280000
1.4800000 137.0093000
1.4900000 226.4191000
1.5000000 254.9458000
1.5100000 265.7014000
1.5200000 197.1545000
1.5300000 208.0859000
1.5400000 286.1431000
1.5500000 201.7703000
1.5600000 194.8514000
1.5700000 244.8333000
1.5800000 251.2595000
1.5900000 240.7692000
1.6000000 220.9718000
1.6100000 198.8228000
1.6200000 178.9663000
1.6300000 153.6775000
1.6400000 239.2179000
1.6500000 205.0605000
1.6600000 217.2927000
1.6700000 198.9125000
1.6800000 206.7360000
1.6900000 223.2790000
1.7000000 206.5124000
1.7100000 167.5454000
1.7200000 258.4438000
1.7300000 341.9514000
1.7400000 413.1272000
1.7500000 487.0714000
1.7600000 470.7108000
1.7700000 910.4847000
1.7800000 1128.7349000
1.7900000 1330.9460000
1.8000000 1561.6628000
1.8100000 1974.9964000
1.8200000 2248.9175000
1.8300000 2662.8670000
1.8400000 3187.8067000
1.8500000 3447.5324000
1.8600000 4118.6634000
1.8700000 4200.9150000
1.8800000 4378.5093000
1.8900000 5086.8339000
1.9000000 5363.3014000
1.9100000 5723.4453000
1.9200000 5852.3403000
1.9300000 6035.3987000
1.9400000 6644.6900000
1.9500000 7257.3075000
1.9600000 7569.5072000
1.9700000 7836.5109000
1.9800000 8208.3079000
1.9900000 7973.4094000
2.0000000 8660.9559000
2.0100000 8876.7834000
2.0200000 8979.7162000
2.0300000 9629.0301000
2.0400000 9761.3727000
2.0500000 10366.8165000
2.0600000 10005.2058000
2.0700000 10555.9280000
2.0800000 11353.8862000
2.0900000 11909.4940000
2.1000000 11809.3255000
2.1100000 12245.0614000
2.1200000 12292.0158000
2.1300000 12178.2218000
2.1400000 12920.5275000
2.1500000 13480.8579000
2.1600000 13197.4039000
2.1700000 13853.9387000
2.1800000 14030.0478000
2.1900000 13687.8908000
2.2000000 14221.0399000
2.2100000 14582.3876000
2.2200000 15458.7242000
2.2300000 15375.1088000
2.2400000 15793.9301000
2.2500000 15890.0050000
2.2600000 16002.8128000
2.2700000 16503.3068000
2.2800000 16985.9421000
2.2900000 17725.7558000
2.3000000 17309.5795000
2.3100000 17113.2245000
2.3200000 17905.6694000
2.3300000 17488.7877000
2.3400000 17738.9490000
2.3500000 17848.4813000
2.3600000 17824.4382000
2.3700000 18126.2001000
2.3800000 18855.2416000
2.3900000 18621.8232000
2.4000000 18974.3959000
2.4100000 18868.2373000
2.4200000 19058.9685000
2.4300000 19907.9286000
2.4400000 19634.0479000
2.4500000 20156.0252000
2.4600000 20587.9803000
2.4700000 20534.2197000
2.4800000 20483.9727000
2.4900000 21362.9099000
2.5000000 20437.1762000
2.5100000 21354.9255000
2.5200000 21555.7426000
2.5300000 21264.9571000
2.5400000 21157.2768000
2.5500000 21207.3000000
2.5600000 21591.5939000
2.5700000 22114.0167000
2.5800000 22028.5113000
2.5900000 22443.2852000
2.6000000 22814.3850000
2.6100000 23341.0273000
2.6200000 22613.2045000
2.6300000 23498.5534000
2.6400000 22936.1938000
2.6500000 23612.4044000
2.6600000 23502.1307000
2.6700000 23544.5303000
2.6800000 23960.3795000
2.6900000 23930.9001000
2.7000000 23727.9475000
2.7100000 24243.5644000
2.7200000 23337.7364000
2.7300000 24487.6973000
2.7400000 24986.9212000
2.7500000 24200.9022000
2.7600000 24854.9575000
2.7700000 24799.2797000
2.7800000 24094.3979000
2.7900000 25119.3487000
2.8000000 25839.7028000
2.8100000 26200.2568000
2.8200000 25639.5574000
2.8300000 25904.3406000
2.8400000 25586.0047000
2.8500000 26538.5493000
2.8600000 26874.6644000
2.8700000 26975.8499000
2.8800000 27763.9480000
2.8900000 27986.4966000
2.9000000 27224.5581000
2.9100000 27858.6548000
2.9200000 27386.0712000
2.9300000 27506.4871000
2.9400000 27312.7584000
2.9500000 27686.2960000
2.9600000 28105.9911000
2.9700000 27837.0758000
2.9800000 27347.9666000
2.9900000 27893.0690000
3.0000000 27397.3882000
3.0100000 27178.1687000
3.0200000 27475.7818000
3.0300000 27626.0941000
3.0400000 27924.3378000
3.0500000 27464.9411000
3.0600000 27856.2658000
3.0700000 28624.2728000
3.0800000 28591.4149000
3.0900000 28001.5436000
3.1000000 29221.9645000
3.1100000 28032.3009000
3.1200000 28395.8994000
3.1300000 28538.6977000
3.1400000 28750.5071000
3.1500000 28673.5504000
3.1600000 28177.4270000
3.1700000 29290.3977000
3.1800000 29018.5797000
3.1900000 28028.6408000
3.2000000 28122.8998000
3.2100000 28375.5143000
3.2200000 28707.6365000
3.2300000 29398.1217000
3.2400000 29098.9990000
3.2500000 28770.5002000
3.2600000 28105.6626000
3.2700000 28786.6684000
3.2800000 29900.2105000
3.2900000 29204.5961000
3.3000000 29315.5483000
3.3100000 29341.2349000
3.3200000 30034.4874000
3.3300000 29482.9371000
3.3400000 30035.0275000
3.3500000 28655.5283000
3.3600000 28936.3627000
3.3700000 29782.8929000
3.3800000 29556.9657000
3.3900000 29496.7682000
3.4000000 29838.5208000
3.4100000 29576.9568000
3.4200000 28272.0031000
3.4300000 30254.0156000
3.4400000 29588.1892000
3.4500000 30065.2569000
3.4600000 29959.3161000
3.4700000 29597.2494000
3.4800000 29879.9942000
3.4900000 29826.2186000
3.5000000 30113.5667000
3.5100000 29669.3680000
3.5200000 29405.6922000
3.5300000 30255.9829000
3.5400000 29264.8189000
3.5500000 29509.8526000
3.5600000 29336.2869000
3.5700000 29519.3486000
3.5800000 29893.0287000
3.5900000 29518.6341000
3.6000000 29892.6833000
3.6100000 29646.7951000
3.6200000 30488.2828000
3.6300000 29515.6870000
3.6400000 29119.9656000
3.6500000 29976.1347000
3.6600000 29819.0329000
3.6700000 30174.0581000
3.6800000 29318.4779000
3.6900000 29290.9043000
3.7000000 29454.6692000
3.7100000 29622.1070000
3.7200000 30046.9055000
3.7300000 30707.3985000
3.7400000 29899.1263000
3.7500000 30011.1156000
3.7600000 29940.4740000
3.7700000 29193.0400000
3.7800000 30032.8455000
3.7900000 30284.3663000
3.8000000 30293.8548000
3.8100000 30685.7574000
3.8200000 30508.7143000
3.8300000 30402.3611000
3.8400000 30568.8410000
3.8500000 30744.5159000
3.8600000 31529.6213000
3.8700000 30446.3832000
3.8800000 29888.7064000
3.8900000 30387.9457000
3.9000000 30630.7409000
3.9100000 29604.6219000
3.9200000 30080.7658000
3.9300000 31094.7637000
3.9400000 30501.6922000
3.9500000 30885.2402000
3.9600000 31258.5657000
3.9700000 30753.7913000
3.9800000 31436.2410000
3.9900000 30618.1381000
4.0000000 30559.2422000
4.0100000 29897.9278000
4.0200000 30317.8889000
4.0300000 30686.9451000
4.0400000 31510.1984000
4.0500000 30720.0068000
4.0600000 31146.9758000
4.0700000 31496.7458000
4.0800000 31224.0808000
4.0900000 30992.6056000
4.1000000 30431.3426000
4.1100000 30951.1276000
4.1200000 31053.7388000
4.1300000 30606.5415000
4.1400000 30099.8041000
4.1500000 31111.3796000
4.1600000 31452.9725000
4.1700000 30568.3732000
4.1800000 31060.5514000
4.1900000 31385.1226000
4.2000000 31615.2639000
4.2100000 31075.3219000
4.2200000 31182.6467000
4.2300000 30361.1802000
4.2400000 30619.4198000
4.2500000 30840.1188000
4.2600000 31302.0090000
4.2700000 31473.9457000
4.2800000 30595.2596000
4.2900000 30982.4702000
4.3000000 31734.9447000
4.3100000 31207.6335000
4.3200000 31231.9586000
4.3300000 30671.8364000
4.3400000 30963.7090000
4.3500000 30750.5274000
4.3600000 31019.1539000
4.3700000 30446.5346000
4.3800000 30758.4046000
4.3900000 31137.5198000
4.4000000 31369.8628000
4.4100000 31365.0259000
4.4200000 30678.0635000
4.4300000 31296.8470000
4.4400000 31797.8317000
4.4500000 31540.5899000
4.4600000 30990.2476000
4.4700000 31544.8400000
4.4800000 31153.1194000
4.4900000 31475.6678000
4.5000000 31935.4426000
4.5100000 31813.8840000
4.5200000 31757.5450000
4.5300000 31532.5875000
4.5400000 31191.4139000
4.5500000 30867.7530000
4.5600000 31851.4415000
4.5700000 31533.6462000
4.5800000 32731.1030000
4.5900000 31599.6856000
4.6000000 31413.1267000
4.6100000 31870.2403000
4.6200000 31699.4080000
4.6300000 31553.4567000
4.6400000 31259.5530000
4.6500000 31411.1185000
4.6600000 31085.1471000
4.6700000 31775.1120000
4.6800000 31356.4668000
4.6900000 31664.3839000
4.7000000 31879.6488000
4.7100000 31778.8249000
4.7200000 31409.2402000
4.7300000 32350.8433000
4.7400000 32643.5685000
4.7500000 32202.7857000
4.7600000 31859.1201000
4.7700000 31272.0368000
4.7800000 31638.9409000
4.7900000 31635.1902000
4.8000000 32792.9214000
4.8100000 32106.2205000
4.8200000 31085.6562000
4.8300000 31517.9585000
4.8400000 33027.8947000
4.8500000 32449.3546000
4.8600000 32033.1268000
4.8700000 32772.1577000
4.8800000 32039.5579000
4.8900000 32496.4940000
4.9000000 32728.6107000
4.9100000 32134.7625000
4.9200000 31687.8845000
4.9300000 31988.0428000
4.9400000 32705.3222000
4.9500000 31474.7269000
4.9600000 31480.4551000
4.9700000 31875.6327000
4.9800000 31900.4252000
4.9900000 31666.0003000
5.0000000 32436.2025000
5.0100000 32777.0080000
5.0200000 32733.1711000
5.0300000 32744.3222000
5.0400000 32265.3637000
5.0500000 32034.0311000
5.0600000 32664.4215000
5.0700000 31481.1981000
5.0800000 32309.7092000
5.0900000 32416.3096000
5.1000000 32714.7868000
5.1100000 31827.9465000
5.1200000 32095.0927000
5.1300000 32048.5229000
5.1400000 31666.7247000
5.1500000 32481.1448000
5.1600000 32615.7974000
5.1700000 32210.1801000
5.1800000 32783.3013000
5.1900000 32689.7131000
5.2000000 32052.4694000
5.2100000 32232.8197000
5.2200000 32431.0734000
5.2300000 32389.1501000
5.2400000 33212.6185000
5.2500000 32575.6058000
5.2600000 32206.6579000
5.2700000 33138.9714000
5.2800000 32410.6171000
5.2900000 33306.3786000
5.3000000 32464.9810000
5.3100000 32874.0708000
5.3200000 32508.3278000
5.3300000 33196.7758000
5.3400000 32644.8975000
5.3500000 32310.9934000
5.3600000 31959.8902000
5.3700000 31772.8255000
5.3800000 32176.5737000
5.3900000 32000.4130000
5.4000000 31849.5067000
5.4100000 32697.7829000
5.4200000 32182.0658000
5.4300000 32167.1910000
5.4400000 32546.2402000
5.4500000 32615.8438000
5.4600000 32062.8367000
5.4700000 32089.1307000
5.4800000 32489.4434000
5.4900000 32071.8034000
5.5000000 32860.4055000
5.5100000 32491.4567000
5.5200000 32772.9060000
5.5300000 32402.4276000
5.5400000 32243.7378000
5.5500000 32398.0876000
5.5600000 32384.0759000
5.5700000 33344.7809000
5.5800000 32681.3314000
5.5900000 32339.2065000
5.6000000 33266.3432000
5.6100000 32722.6675000
5.6200000 32849.9929000
5.6300000 32910.7676000
5.6400000 32768.6975000
5.6500000 32780.1636000
5.6600000 32636.5865000
5.6700000 32565.3193000
5.6800000 32277.3433000
5.6900000 33479.9933000
5.7000000 32338.6815000
5.7100000 33302.9216000
5.7200000 32910.5667000
5.7300000 33015.6275000
5.7400000 32358.0297000
5.7500000 32905.2667000
5.7600000 32726.5670000
5.7700000 32731.7830000
5.7800000 32534.8358000
5.7900000 33130.7942000
5.8000000 32384.9940000
5.8100000 33243.6396000
5.8200000 32884.5902000
5.8300000 32361.6685000
5.8400000 32858.5159000
5.8500000 33101.4964000
5.8600000 33064.0762000
5.8700000 33551.2135000
5.8800000 32784.3862000
5.8900000 33410.8216000
5.9000000 33455.8298000
5.9100000 33243.4866000
5.9200000 32798.1954000
5.9300000 32418.8151000
5.9400000 32604.7221000
5.9500000 32530.7200000
5.9600000 32569.3559000
5.9700000 33484.2499000
5.9800000 32797.2788000
5.9900000 33581.0491000
6.0000000 31951.7115000
6.0100000 33021.6237000
6.0200000 32879.0015000
6.0300000 32670.0023000
6.0400000 32213.7136000
6.0500000 32865.8977000
6.0600000 32213.7635000
6.0700000 32913.0819000
6.0800000 32912.8961000
6.0900000 32365.3011000
6.1000000 33460.3347000
6.1100000 33248.3490000
6.1200000 33456.8863000
6.1300000 33170.4910000
6.1400000 32752.0319000
6.1500000 32951.4974000
6.1600000 33152.6530000
6.1700000 31851.4531000
6.1800000 33512.1048000
6.1900000 32453.0853000
6.2000000 32981.2379000
6.2100000 33494.5491000
6.2200000 33252.9110000
6.2300000 33239.7700000
6.2400000 33347.2382000
6.2500000 32528.4612000
6.2600000 33406.6956000
6.2700000 33171.2103000
6.2800000 33598.0021000
6.2900000 33292.1066000
6.3000000 32140.4312000
6.3100000 32578.8794000
6.3200000 32923.5810000
6.3300000 33229.1525000
6.3400000 32814.2878000
6.3500000 33670.8729000
6.3600000 32517.8182000
6.3700000 33331.5038000
6.3800000 32881.7937000
6.3900000 33857.5471000
6.4000000 33288.1054000
6.4100000 32530.8522000
6.4200000 32594.6614000
6.4300000 32744.9453000
6.4400000 33789.1113000
6.4500000 33362.1639000
6.4600000 33212.7406000
6.4700000 32503.9911000
6.4800000 32972.5062000
6.4900000 33203.7933000
6.5000000 33234.4416000
6.5100000 33693.2622000
6.5200000 33584.3796000
6.5300000 33485.1333000
6.5400000 33110.6124000
6.5500000 33103.7851000
6.5600000 32658.9555000
6.5700000 33001.2909000
6.5800000 32956.5278000
6.5900000 32531.3446000
6.6000000 32721.9634000
6.6100000 32840.9012000
6.6200000 32574.6659000
6.6300000 33419.1649000
6.6400000 32974.2056000
6.6500000 33167.6097000
6.6600000 33460.7523000
6.6700000 33063.8021000
6.6800000 33440.9743000
6.6900000 33042.0614000
6.7000000 33380.2705000
6.7100000 33192.5150000
6.7200000 33413.1165000
6.7300000 33730.0563000
6.7400000 33108.6798000
6.7500000 32787.0402000
6.7600000 32618.8345000
6.7700000 32864.2253000
6.7800000 33529.4108000
6.7900000 33149.8108000
6.8000000 32807.8664000
6.8100000 31911.6415000
6.8200000 31727.9566000
6.8300000 32607.1843000
6.8400000 32570.1711000
6.8500000 33317.4907000
6.8600000 32889.7079000
6.8700000 33202.6870000
6.8800000 33212.5346000
6.8900000 33323.6729000
6.9000000 33172.3999000
6.9100000 33625.0377000
6.9200000 33868.4738000
6.9300000 33826.1200000
6.9400000 33899.1517000
6.9500000 33879.9372000
6.9600000 32914.6850000
6.9700000 32769.6875000
6.9800000 33274.2356000
6.9900000 34231.6080000
7.0000000 33754.6341000
7.0100000 32678.5578000
7.0200000 33794.6025000
7.0300000 32970.0922000
7.0400000 33605.0577000
7.0500000 33491.3457000
7.0600000 32868.1447000
7.0700000 33625.3316000
7.0800000 33449.4543000
7.0900000 32891.4714000
7.1000000 33598.5535000
7.1100000 33439.0415000
7.1200000 32801.8891000
7.1300000 33960.7143000
7.1400000 33077.6083000
7.1500000 33596.4986000
7.1600000 32854.9931000
7.1700000 33424.8877000
7.1800000 33282.4524000
7.1900000 32846.4732000
7.2000000 33738.2935000
7.2100000 33703.8209000
7.2200000 33304.7120000
7.2300000 33069.4830000
7.2400000 33549.7477000
7.2500000 34131.8704000
7.2600000 34111.6328000
7.2700000 33649.9501000
7.2800000 32947.8754000
7.2900000 32629.9270000
7.3000000 33070.2754000
7.3100000 32780.6046000
7.3200000 33997.0210000
7.3300000 33135.4024000
7.3400000 33650.6759000
7.3500000 33781.2916000
7.3600000 33901.5157000
7.3700000 33471.0089000
7.3800000 33591.8869000
7.3900000 33358.6314000
7.4000000 32832.1553000
7.4100000 33398.7931000
7.4200000 33921.3685000
7.4300000 33526.2634000
7.4400000 33562.1313000
7.4500000 33623.3922000
7.4600000 33827.3879000
7.4700000 33527.8070000
7.4800000 32552.0975000
7.4900000 33363.1658000
7.5000000 33399.3861000
7.5100000 32988.1226000
7.5200000 34169.3567000
7.5300000 33207.1691000
7.5400000 33588.7863000
7.5500000 33393.9234000
7.5600000 33888.3403000
7.5700000 32877.7644000
7.5800000 32651.4817000
7.5900000 32913.8869000
7.6000000 32721.4244000
7.6100000 32467.9260000
7.6200000 33705.2973000
7.6300000 32861.2615000
7.6400000 32923.4460000
7.6500000 33064.8854000
7.6600000 33016.4531000
7.6700000 33527.9139000
7.6800000 32929.2394000
7.6900000 32822.8506000
7.7000000 33761.1658000
7.7100000 32518.1895000
7.7200000 33019.6498000
7.7300000 33370.8684000
7.7400000 33111.0672000
7.7500000 33280.9591000
7.7600000 33661.2426000
7.7700000 33141.1652000
7.7800000 33340.0527000
7.7900000 33696.7193000
7.8000000 32544.6456000
7.8100000 32728.4455000
7.8200000 34318.1950000
7.8300000 34247.7675000
7.8400000 33222.6456000
7.8500000 33782.4305000
7.8600000 33806.9320000
7.8700000 32483.4392000
7.8800000 33060.5806000
7.8900000 34356.7774000
7.9000000 33184.8683000
7.9100000 33932.9168000
7.9200000 33255.1804000
7.9300000 33160.1487000
7.9400000 32530.6899000
7.9500000 33181.1339000
7.9600000 32783.5519000
7.9700000 32901.5594000
7.9800000 33234.8928000
7.9900000 33895.8456000
8.0000000 33115.0681000
8.0100000 32725.0087000
8.0200000 33324.6068000
8.0300000 33407.7032000
8.0400000 32156.4977000
8.0500000 33237.0138000
8.0600000 33548.9980000
8.0700000 32888.4384000
8.0800000 33720.8970000
8.0900000 34229.1585000
8.1000000 33112.8402000
8.1100000 33149.1567000
8.1200000 32737.1856000
8.1300000 33045.5393000
8.1400000 33398.1120000
8.1500000 33418.0573000
8.1600000 33141.9088000
8.1700000 32917.6437000
8.1800000 33782.4437000
8.1900000 32836.9038000
8.2000000 32891.2358000
8.2100000 32639.4321000
8.2200000 32950.9405000
8.2300000 33613.5249000
8.2400000 32982.1702000
8.2500000 33499.3230000
8.2600000 33317.4616000
8.2700000 32932.6040000
8.2800000 32887.0926000
8.2900000 32420.5851000
8.3000000 33395.8266000
8.3100000 32833.9634000
8.3200000 33438.9394000
8.3300000 32553.1144000
8.3400000 33070.5642000
8.3500000 33664.7227000
8.3600000 33510.2198000
8.3700000 32537.7863000
8.3800000 33570.1930000
8.3900000 33106.1630000
8.4000000 32961.7879000
8.4100000 32782.2185000
8.4200000 33651.5228000
8.4300000 33249.6434000
8.4400000 33704.6361000
8.4500000 33457.7455000
8.4600000 33465.8421000
8.4700000 32227.7664000
8.4800000 33683.2168000
8.4900000 33147.7682000
8.5000000 32996.0521000
8.5100000 32745.5455000
8.5200000 33498.2681000
8.5300000 33454.9840000
8.5400000 32904.8248000
8.5500000 33782.7581000
8.5600000 33043.5018000
8.5700000 32950.0799000
8.5800000 33470.8116000
8.5900000 33634.1406000
8.6000000 33071.9362000
8.6100000 33621.5897000
8.6200000 33285.7747000
8.6300000 33576.5040000
8.6400000 33042.4414000
8.6500000 33442.5604000
8.6600000 32967.2658000
8.6700000 32798.7533000
8.6800000 32559.2722000
8.6900000 33101.5721000
8.7000000 33832.9696000
8.7100000 32563.9095000
8.7200000 32716.0506000
8.7300000 32172.0708000
8.7400000 32582.4910000
8.7500000 32921.2096000
8.7600000 33380.5450000
8.7700000 33397.7268000
8.7800000 32989.5031000
8.7900000 32611.5310000
8.8000000 33076.7776000
8.8100000 32819.7342000
8.8200000 32207.7169000
8.8300000 33163.1180000
8.8400000 33378.2643000
8.8500000 33768.4097000
8.8600000 32891.1977000
8.8700000 33079.8350000
8.8800000 33013.1079000
8.8900000 33816.2090000
8.9000000 33407.1824000
8.9100000 33586.8184000
8.9200000 33542.9448000
8.9300000 33707.1737000
8.9400000 34101.4404000
8.9500000 32932.3135000
8.9600000 32874.1384000
8.9700000 34095.8868000
8.9800000 32553.2599000
8.9900000 32810.4986000
9.0000000 33143.6356000
9.0100000 32438.8031000
9.0200000 33787.3692000
9.0300000 32998.9421000
9.0400000 33082.2159000
9.0500000 33131.3187000
9.0600000 32965.4399000
9.0700000 33206.9611000
9.0800000 33300.1775000
9.0900000 32845.7265000
9.1000000 33239.4847000
9.1100000 33672.2351000
9.1200000 33110.9329000
9.1300000 32969.5017000
9.1400000 33644.6722000
9.1500000 33206.2978000
9.1600000 32934.8368000
9.1700000 32332.2612000
9.1800000 33556.2388000
9.1900000 33813.0371000
9.2000000 33507.2775000
9.2100000 33167.2918000
9.2200000 33635.1028000
9.2300000 32575.8590000
9.2400000 33245.0465000
9.2500000 33753.6518000
9.2600000 33296.5246000
9.2700000 33729.0874000
9.2800000 33139.8108000
9.2900000 32263.6017000
9.3000000 33506.8608000
9.3100000 32821.1192000
9.3200000 32252.1422000
9.3300000 32555.5064000
9.3400000 32462.0605000
9.3500000 32692.8813000
9.3600000 32983.7266000
9.3700000 32636.8454000
9.3800000 33181.7962000
9.3900000 32742.0960000
9.4000000 32456.2744000
9.4100000 33249.7665000
9.4200000 33237.1979000
9.4300000 32885.5530000
9.4400000 32830.7016000
9.4500000 33506.0373000
9.4600000 32898.9080000
9.4700000 31760.4207000
9.4800000 33274.5418000
9.4900000 33427.8875000
9.5000000 33915.6378000
9.5100000 32795.4844000
9.5200000 32856.7137000
9.5300000 33843.1915000
9.5400000 32929.4947000
9.5500000 32503.5640000
9.5600000 33048.0270000
9.5700000 33284.8541000
9.5800000 33508.6314000
9.5900000 33428.3417000
9.6000000 32507.5648000
9.6100000 32214.3036000
9.6200000 32440.9175000
9.6300000 33382.3222000
9.6400000 32496.5286000
9.6500000 32751.9261000
9.6600000 32892.5675000
9.6700000 33716.1372000
9.6800000 32909.4110000
9.6900000 32983.9661000
9.7000000 32950.5813000
9.7100000 32396.4874000
9.7200000 32531.5109000
9.7300000 32007.1829000
9.7400000 32806.1783000
9.7500000 32208.5099000
9.7600000 32488.6576000
9.7700000 33121.5824000
9.7800000 32915.9601000
9.7900000 32439.3783000
9.8000000 32957.8014000
9.8100000 33322.7504000
9.8200000 32764.1606000
9.8300000 32489.2008000
9.8400000 32973.4777000
9.8500000 32968.6173000
9.8600000 32844.9906000
9.8700000 33150.3022000
9.8800000 32947.6858000
9.8900000 32861.8953000
9.9000000 33273.0632000
9.9100000 32915.9001000
9.9200000 33064.0960000
9.9300000 32902.2801000
9.9400000 32601.8925000
9.9500000 33310.2966000
9.9600000 32558.4442000
9.9700000 32797.4253000
9.9800000 32858.4758000
9.9900000 32588.0625000
10.0000000 32932.2662000
10.0100000 32290.0620000
10.0200000 33788.3778000
10.0300000 33087.6697000
10.0400000 32148.1187000
10.0500000 32829.0808000
10.0600000 32806.8599000
10.0700000 33162.1760000
10.0800000 32454.9225000
10.0900000 32898.6541000
10.1000000 31553.2292000
10.1100000 32676.2823000
10.1200000 32996.8892000
10.1300000 32264.8762000
10.1400000 33185.8607000
10.1500000 32979.8535000
10.1600000 33084.6226000
10.1700000 32834.8445000
10.1800000 32388.2737000
10.1900000 32616.1692000
10.2000000 32704.6269000
10.2100000 32953.7400000
10.2200000 31689.6946000
10.2300000 31501.2858000
10.2400000 32360.3740000
10.2500000 31602.5950000
10.2600000 32780.9407000
10.2700000 32921.2577000
10.2800000 33257.3262000
10.2900000 32419.3345000
10.3000000 32907.9004000
10.3100000 32318.5236000
10.3200000 32842.9112000
10.3300000 32778.9032000
10.3400000 32718.5579000
10.3500000 32921.3552000
10.3600000 32422.5779000
10.3700000 33094.2149000
10.3800000 32784.8338000
10.3900000 32623.9328000
10.4000000 31850.0900000
10.4100000 33038.2247000
10.4200000 32336.5020000
10.4300000 32084.6853000
10.4400000 32697.1730000
10.4500000 32591.1728000
10.4600000 32305.6142000
10.4700000 32975.0377000
10.4800000 32836.7248000
10.4900000 32594.3059000
10.5000000 32054.0425000
10.5100000 32764.5697000
10.5200000 32748.7355000
10.5300000 32955.5598000
10.5400000 32231.0740000
10.5500000 32225.6098000
10.5600000 33207.1813000
10.5700000 33279.0588000
10.5800000 32376.3306000
10.5900000 33214.3880000
10.6000000 32554.7255000
10.6100000 32169.7490000
10.6200000 33577.0670000
10.6300000 33330.5125000
10.6400000 31864.6642000
10.6500000 31964.9898000
10.6600000 32508.4742000
10.6700000 33420.3237000
10.6800000 31802.8407000
10.6900000 32294.8395000
10.7000000 31968.4256000
10.7100000 32556.1972000
10.7200000 32566.5090000
10.7300000 31889.2807000
10.7400000 31594.1691000
10.7500000 32614.2197000
10.7600000 32002.5869000
10.7700000 33280.9117000
10.7800000 32275.9607000
10.7900000 32894.4931000
10.8000000 31619.2302000
10.8100000 33003.1967000
10.8200000 32163.1160000
10.8300000 32574.2127000
10.8400000 33023.0337000
10.8500000 32385.9497000
10.8600000 32631.4092000
10.8700000 32121.5622000
10.8800000 33584.5958000
10.8900000 33215.3610000
10.9000000 31920.0906000
10.9100000 32142.3233000
10.9200000 32710.6114000
10.9300000 32301.1505000
10.9400000 31776.1964000
10.9500000 32534.1441000
10.9600000 32029.4597000
10.9700000 32694.8934000
10.9800000 31922.9279000
10.9900000 31615.0920000
11.0000000 32414.2456000
11.0100000 32777.7024000
11.0200000 32868.9235000
11.0300000 32710.3608000
11.0400000 32883.7586000
11.0500000 32075.4236000
11.0600000 31814.0772000
11.0700000 32396.4295000
11.0800000 32398.1266000
11.0900000 32595.3619000
11.1000000 32326.7309000
11.1100000 31979.6372000
11.1200000 33248.0509000
11.1300000 32448.7514000
11.1400000 32107.2418000
11.1500000 33428.5075000
11.1600000 32186.7965000
11.1700000 31841.7964000
11.1800000 32933.7692000
11.1900000 32672.4284000
11.2000000 32212.1506000
11.2100000 32890.6988000
11.2200000 32093.5257000
11.2300000 32439.9723000
11.2400000 31504.4892000
11.2500000 31712.2518000
11.2600000 32181.5108000
11.2700000 31244.6167000
11.2800000 31995.3028000
11.2900000 32581.9560000
11.3000000 33142.4642000
11.3100000 32155.5115000
11.3200000 31924.5849000
11.3300000 32684.5529000
11.3400000 32317.6621000
11.3500000 33098.7708000
11.3600000 32726.5346000
11.3700000 32113.4476000
11.3800000 32555.8345000
11.3900000 32478.5908000
11.4000000 32026.4511000
11.4100000 31441.5268000
11.4200000 31780.5343000
11.4300000 31586.6364000
11.4400000 31116.6005000
11.4500000 32797.4121000
11.4600000 32459.1415000
11.4700000 32364.1704000
11.4800000 32448.4275000
11.4900000 31738.3473000
11.5000000 32000.8784000
11.5100000 32164.1942000
11.5200000 31979.1936000
11.5300000 32350.7161000
11.5400000 32727.5791000
11.5500000 32006.1468000
11.5600000 32325.0952000
11.5700000 32588.3332000
11.5800000 32707.0781000
11.5900000 31800.8880000
11.6000000 32060.1303000
11.6100000 32066.8848000
11.6200000 32057.3990000
11.6300000 32063.5330000
11.6400000 32934.0851000
11.6500000 32387.5839000
11.6600000 32992.4434000
11.6700000 31941.4383000
11.6800000 32535.3392000
11.6900000 32262.1979000
11.7000000 32308.9625000
11.7100000 31743.3024000
11.7200000 31661.4354000
11.7300000 31757.0567000
11.7400000 31343.0364000
11.7500000 30901.6118000
11.7600000 32281.1717000
11.7700000 32832.9950000
11.7800000 31441.0100000
11.7900000 32005.0818000
11.8000000 33054.3599000
11.8100000 31608.7438000
11.8200000 31175.7385000
11.8300000 32336.4959000
11.8400000 31268.5734000
11.8500000 31609.6812000
11.8600000 31369.7088000
11.8700000 32030.9595000
11.8800000 32424.7971000
11.8900000 31321.2849000
11.9000000 30796.1740000
11.9100000 32355.3239000
11.9200000 32084.5672000
11.9300000 31662.5442000
11.9400000 32640.7939000
11.9500000 31539.2660000
11.9600000 31689.7091000
11.9700000 31322.3104000
11.9800000 32028.7862000
11.9900000 31761.7605000
12.0000000 31672.4401000
12.0100000 31566.1686000
12.0200000 31807.7667000
12.0300000 31783.7600000
12.0400000 31712.0662000
12.0500000 31573.6119000
12.0600000 32071.1756000
12.0700000 31825.1222000
12.0800000 31604.7241000
12.0900000 32423.4288000
12.1000000 32067.7811000
12.1100000 32222.9682000
12.1200000 32080.4062000
12.1300000 31682.2484000
12.1400000 32509.1994000
12.1500000 31460.4421000
12.1600000 31958.5485000
12.1700000 32134.8002000
12.1800000 30981.0481000
12.1900000 31290.0237000
12.2000000 30935.9980000
12.2100000 32638.0214000
12.2200000 32411.7626000
12.2300000 32251.0854000
12.2400000 31156.6086000
12.2500000 31433.9661000
12.2600000 31348.9929000
12.2700000 31652.1794000
12.2800000 31897.0718000
12.2900000 31874.8586000
12.3000000 31757.1926000
12.3100000 31664.8066000
12.3200000 31599.9451000
12.3300000 31979.2064000
12.3400000 32304.2237000
12.3500000 31602.2915000
12.3600000 31745.1228000
12.3700000 31219.9920000
12.3800000 31674.9221000
12.3900000 31899.7432000
12.4000000 31402.7470000
12.4100000 30894.0643000
12.4200000 30867.8640000
12.4300000 31669.4737000
12.4400000 31278.3666000
12.4500000 31486.6430000
12.4600000 31165.4358000
12.4700000 31213.1261000
12.4800000 32055.1285000
12.4900000 31216.3727000
12.5000000 31181.1375000
12.5100000 31636.1180000
12.5200000 32125.1908000
12.5300000 31618.2296000
12.5400000 32378.9774000
12.5500000 32014.7094000
12.5600000 31577.2969000
12.5700000 31599.3597000
12.5800000 31346.8490000
12.5900000 31617.5054000
12.6000000 31213.2818000
12.6100000 31580.9549000
12.6200000 32086.2732000
12.6300000 31693.5929000
12.6400000 31854.8726000
12.6500000 31452.1459000
12.6600000 32089.1972000
12.6700000 32133.0251000
12.6800000 32091.5304000
12.6900000 31206.3279000
12.7000000 31434.7544000
12.7100000 31494.6916000
12.7200000 30924.4675000
12.7300000 30211.0988000
12.7400000 30484.9014000
12.7500000 31049.5107000
12.7600000 31364.2518000
12.7700000 30908.9396000
12.7800000 31401.0758000
12.7900000 30538.7872000
12.8000000 30087.6343000
12.8100000 32061.5622000
12.8200000 31581.2256000
12.8300000 32218.3085000
12.8400000 31498.5677000
12.8500000 31198.9665000
12.8600000 30357.2326000
12.8700000 31741.3056000
12.8800000 30983.8455000
12.8900000 31186.6074000
12.9000000 30502.5986000
12.9100000 30804.0150000
12.9200000 31268.6447000
12.9300000 30902.0584000
12.9400000 31224.1684000
12.9500000 31840.3351000
12.9600000 31704.9674000
12.9700000 32127.2146000
12.9800000 31472.1909000
12.9900000 30760.1195000
13.0000000 30641.3416000
13.0100000 31481.3177000
13.0200000 31963.8254000
13.0300000 31381.7505000
13.0400000 30074.6297000
13.0500000 31575.0366000
13.0600000 31407.6014000
13.0700000 31383.0902000
13.0800000 31376.2848000
13.0900000 31157.1397000
13.1000000 31530.8644000
13.1100000 31766.7200000
13.1200000 31627.9663000
13.1300000 31537.8607000
13.1400000 31409.7046000
13.1500000 31131.0709000
13.1600000 31117.6386000
13.1700000 31290.8382000
13.1800000 31395.8867000
13.1900000 31330.5612000
13.2000000 30870.3999000
13.2100000 31032.7188000
13.2200000 30772.2978000
13.2300000 31501.3819000
13.2400000 31196.5317000
13.2500000 31631.6619000
13.2600000 30927.4413000
13.2700000 30858.5540000
13.2800000 31644.7301000
13.2900000 31486.6674000
13.3000000 31222.8719000
13.3100000 31212.8408000
13.3200000 30914.5421000
13.3300000 31253.2907000
13.3400000 30925.4639000
13.3500000 30923.4334000
13.3600000 30506.4443000
13.3700000 30677.2080000
13.3800000 31294.5216000
13.3900000 31344.5627000
13.4000000 31305.5292000
13.4100000 30720.4570000
13.4200000 30950.9684000
13.4300000 31783.0974000
13.4400000 31462.6759000
13.4500000 30982.5882000
13.4600000 30489.8106000
13.4700000 30013.1154000
13.4800000 31015.2053000
13.4900000 30711.5300000
13.5000000 30453.9647000
13.5100000 30279.3738000
13.5200000 31296.1934000
13.5300000 30829.1652000
13.5400000 31291.7221000
13.5500000 30816.7200000
13.5600000 30760.5042000
13.5700000 31078.8355000
13.5800000 31017.3415000
13.5900000 31383.5877000
13.6000000 30886.5987000
13.6100000 30846.4626000
13.6200000 30189.9922000
13.6300000 30814.4307000
13.6400000 30609.8555000
13.6500000 30035.2213000
13.6600000 31208.2468000
13.6700000 30606.1661000
13.6800000 30378.6210000
13.6900000 30977.9496000
13.7000000 30794.5785000
13.7100000 30818.1438000
13.7200000 30740.4466000
13.7300000 30908.7657000
13.7400000 30341.1229000
13.7500000 30940.3686000
13.7600000 31573.8129000
13.7700000 31668.9916000
13.7800000 30950.1246000
13.7900000 30627.7247000
13.8000000 30964.5182000
13.8100000 30659.0993000
13.8200000 30846.6517000
13.8300000 30996.3389000
13.8400000 30940.6758000
13.8500000 30986.8882000
13.8600000 30370.2316000
13.8700000 30397.7931000
13.8800000 31397.7310000
13.8900000 31662.3952000
13.9000000 31367.7413000
13.9100000 30521.6049000
13.9200000 30495.4173000
13.9300000 29831.7942000
13.9400000 30935.9889000
13.9500000 30784.5083000
13.9600000 31437.2640000
13.9700000 30038.3483000
13.9800000 30191.5858000
13.9900000 31496.4381000
14.0000000 31009.4992000
14.0100000 30497.5510000
14.0200000 30283.0510000
14.0300000 31259.8159000
14.0400000 30265.3753000
14.0500000 30339.8484000
14.0600000 30816.1794000
14.0700000 31164.0442000
14.0800000 30424.3479000
14.0900000 30048.9847000
14.1000000 30844.4814000
14.1100000 30703.0564000
14.1200000 30503.6516000
14.1300000 31380.7825000
14.1400000 30607.8267000
14.1500000 31030.6976000
14.1600000 31049.3063000
14.1700000 29500.9979000
14.1800000 30186.6654000
14.1900000 30429.6885000
14.2000000 30456.5328000
14.2100000 31238.2899000
14.2200000 30477.8412000
14.2300000 29687.2026000
14.2400000 30391.4963000
14.2500000 30287.3820000
14.2600000 30481.8544000
14.2700000 30305.8029000
14.2800000 30609.1324000
14.2900000 30149.5890000
14.3000000 31048.8709000
14.3100000 31021.1679000
14.3200000 30609.0997000
14.3300000 30471.3552000
14.3400000 30072.1232000
14.3500000 30167.9677000
14.3600000 31303.7177000
14.3700000 30949.9374000
14.3800000 30623.8597000
14.3900000 30874.6032000
14.4000000 31058.9122000
14.4100000 30777.8187000
14.4200000 30915.1057000
14.4300000 31381.1081000
14.4400000 30181.9413000
14.4500000 29959.9584000
14.4600000 31359.8211000
14.4700000 30731.6700000
14.4800000 30124.1782000
14.4900000 30435.8353000
14.5000000 30891.3294000
14.5100000 30415.5685000
14.5200000 30520.3970000
14.5300000 29889.0041000
14.5400000 30543.6543000
14.5500000 30021.9229000
14.5600000 30467.8523000
14.5700000 30396.4397000
14.5800000 30277.2762000
14.5900000 30810.1109000
14.6000000 29867.2150000
14.6100000 29127.6510000
14.6200000 30180.7541000
14.6300000 30083.3344000
14.6400000 30397.6313000
14.6500000 30241.2948000
14.6600000 29140.3005000
14.6700000 30350.2720000
14.6800000 30325.2832000
14.6900000 29753.7511000
14.7000000 30089.2798000
14.7100000 29796.0536000
14.7200000 29981.0333000
14.7300000 30407.4184000
14.7400000 30876.3433000
14.7500000 29886.3047000
14.7600000 30225.1007000
14.7700000 29818.4459000
14.7800000 30034.4167000
14.7900000 29854.5684000
14.8000000 30073.5194000
14.8100000 30567.8803000
14.8200000 30852.7416000
14.8300000 30085.8342000
14.8400000 29930.6971000
14.8500000 29725.9898000
14.8600000 30064.3546000
14.8700000 30423.3556000
14.8800000 30468.9337000
14.8900000 30578.3670000
14.9000000 29979.9463000
14.9100000 30172.8181000
14.9200000 30409.1324000
14.9300000 29826.9470000
14.9400000 30040.4683000
14.9500000 29739.7411000
14.9600000 30521.2728000
14.9700000 30582.5561000
14.9800000 29635.4798000
14.9900000 29897.9894000
15.0000000 29705.1856000
15.0100000 29817.2968000
15.0200000 30132.3354000
15.0300000 29624.1343000
15.0400000 29972.9116000
15.0500000 29919.9896000
15.0600000 29793.8603000
15.0700000 29721.4157000
15.0800000 29152.5279000
15.0900000 30888.7965000
15.1000000 29961.6394000
15.1100000 29056.9788000
15.1200000 29588.8062000
15.1300000 29869.0395000
15.1400000 30256.1980000
15.1500000 29792.0013000
15.1600000 29812.7477000
15.1700000 30308.3893000
15.1800000 29416.3983000
15.1900000 30193.7026000
15.2000000 30663.9374000
15.2100000 29846.3486000
15.2200000 29381.7851000
15.2300000 29726.7832000
15.2400000 29850.2336000
15.2500000 29965.3874000
15.2600000 30270.3176000
15.2700000 30355.8090000
15.2800000 30833.0160000
15.2900000 30014.1485000
15.3000000 30245.6243000
15.3100000 30220.2484000
15.3200000 29258.7479000
15.3300000 30004.7058000
15.3400000 30475.4476000
15.3500000 29716.9923000
15.3600000 29895.7129000
15.3700000 29754.9912000
15.3800000 30006.5430000
15.3900000 30152.2450000
15.4000000 29826.8463000
15.4100000 29933.5937000
15.4200000 29275.2527000
15.4300000 29949.5692000
15.4400000 29593.1819000
15.4500000 29026.9644000
15.4600000 29159.8109000
15.4700000 29788.6211000
15.4800000 29400.1469000
15.4900000 30109.0272000
15.5000000 29018.3696000
15.5100000 29239.0178000
15.5200000 29085.3495000
15.5300000 29594.9962000
15.5400000 29956.3406000
15.5500000 29232.4595000
15.5600000 30231.5953000
15.5700000 30315.0334000
15.5800000 30111.2453000
15.5900000 29600.2070000
15.6000000 30035.2645000
15.6100000 30856.6665000
15.6200000 29828.9647000
15.6300000 29858.3466000
15.6400000 30345.2103000
15.6500000 29430.0166000
15.6600000 29872.2422000
15.6700000 30348.6872000
15.6800000 29618.6574000
15.6900000 29400.2583000
15.7000000 29912.7029000
15.7100000 29390.3916000
15.7200000 29227.7415000
15.7300000 28622.5612000
15.7400000 28910.3053000
15.7500000 28928.2568000
15.7600000 28690.1581000
15.7700000 29546.3704000
15.7800000 29888.8886000
15.7900000 29163.9344000
15.8000000 29605.6955000
15.8100000 29208.1085000
15.8200000 29515.5829000
15.8300000 29392.0562000
15.8400000 29520.0317000
15.8500000 29181.8623000
15.8600000 29420.1004000
15.8700000 29763.2838000
15.8800000 29423.5179000
15.8900000 29406.3730000
15.9000000 28710.8134000
15.9100000 28949.0559000
15.9200000 28947.7870000
15.9300000 29221.6766000
15.9400000 29604.3101000
15.9500000 29147.0978000
15.9600000 28781.3521000
15.9700000 29849.9726000
15.9800000 29110.0376000
15.9900000 29333.9773000
16.0000000 28701.0234000
16.0100000 28384.8547000
16.0200000 29450.5630000
16.0300000 29896.5230000
16.0400000 29275.6191000
16.0500000 28446.6804000
16.0600000 29755.6656000
16.0700000 29324.7004000
16.0800000 28713.9497000
16.0900000 29306.5588000
16.1000000 29060.4090000
16.1100000 29210.2870000
16.1200000 30061.1486000
16.1300000 29317.8757000
16.1400000 29529.7495000
16.1500000 28917.5431000
16.1600000 29328.5878000
16.1700000 29742.4963000
16.1800000 29439.6103000
16.1900000 28963.2095000
16.2000000 29045.0582000
16.2100000 29899.0296000
16.2200000 29615.6693000
16.2300000 28697.9914000
16.2400000 28621.1925000
16.2500000 29606.4317000
16.2600000 29056.1991000
16.2700000 29015.5035000
16.2800000 28854.0130000
16.2900000 28676.8249000
16.3000000 28997.1716000
16.3100000 29405.0493000
16.3200000 29868.3074000
16.3300000 29221.8826000
16.3400000 29054.0380000
16.3500000 29214.7674000
16.3600000 28861.1141000
16.3700000 29176.3275000
16.3800000 29463.3295000
16.3900000 29562.9841000
16.4000000 28430.9179000
16.4100000 29179.9357000
16.4200000 28832.7912000
16.4300000 29418.0746000
16.4400000 29017.5471000
16.4500000 29008.3435000
16.4600000 28644.8910000
16.4700000 28354.4637000
16.4800000 30229.5833000
16.4900000 29342.2923000
16.5000000 28577.8367000
16.5100000 29614.9104000
16.5200000 28845.8511000
16.5300000 29172.0190000
16.5400000 29147.3766000
16.5500000 28208.4355000
16.5600000 29687.2523000
16.5700000 29228.0300000
16.5800000 28946.2015000
16.5900000 29032.9773000
16.6000000 29046.0436000
16.6100000 28679.7557000
16.6200000 28837.5249000
16.6300000 28850.1240000
16.6400000 29000.1026000
16.6500000 28606.8578000
16.6600000 29793.4423000
16.6700000 29047.3989000
16.6800000 29151.0656000
16.6900000 29132.2341000
16.7000000 29325.1532000
16.7100000 29738.1959000
16.7200000 28841.3254000
16.7300000 28176.8981000
16.7400000 28682.9259000
16.7500000 28455.4296000
16.7600000 28500.1150000
16.7700000 29071.1147000
16.7800000 28970.0842000
16.7900000 28252.9811000
16.8000000 28455.4749000
16.8100000 29152.1784000
16.8200000 29332.2031000
16.8300000 29374.0520000
16.8400000 28252.4256000
16.8500000 28806.0449000
16.8600000 28960.4605000
16.8700000 29469.8680000
16.8800000 28875.7981000
16.8900000 28630.8487000
16.9000000 29186.6049000
16.9100000 28455.1520000
16.9200000 28693.1087000
16.9300000 28102.4144000
16.9400000 28797.2533000
16.9500000 28587.0667000
16.9600000 28753.2700000
16.9700000 28549.4747000
16.9800000 28501.4908000
16.9900000 28874.7030000
17.0000000 29164.7242000
17.0100000 29234.0810000
17.0200000 28879.7578000
17.0300000 29460.6094000
17.0400000 28809.8611000
17.0500000 29474.2773000
17.0600000 28446.3409000
17.0700000 29079.2241000
17.0800000 27854.3804000
17.0900000 28903.6489000
17.1000000 28806.4163000
17.1100000 28928.4402000
17.1200000 28169.0170000
17.1300000 27620.7046000
17.1400000 28598.9126000
17.1500000 27919.4346000
17.1600000 28699.1842000
17.1700000 29312.2594000
17.1800000 28574.2772000
17.1900000 28447.8153000
17.2000000 29043.6940000
17.2100000 27895.1944000
17.2200000 28296.8353000
17.2300000 29002.4206000
17.2400000 28627.9419000
17.2500000 28792.6437000
17.2600000 28564.9536000
17.2700000 28464.0959000
17.2800000 27970.5017000
17.2900000 28393.1168000
17.3000000 27703.8376000
17.3100000 28754.9163000
17.3200000 28176.8168000
17.3300000 28546.0079000
17.3400000 28535.2132000
17.3500000 28093.0828000
17.3600000 27670.5587000
17.3700000 29002.7238000
17.3800000 28225.2014000
17.3900000 28323.0641000
17.4000000 29153.0894000
17.4100000 28106.1879000
17.4200000 28140.4257000
17.4300000 28118.1376000
17.4400000 28195.4840000
17.4500000 28299.8006000
17.4600000 28156.4783000
17.4700000 27340.0971000
17.4800000 27549.6399000
17.4900000 28326.6728000
17.5000000 28131.6890000
17.5100000 28751.3315000
17.5200000 28290.9815000
17.5300000 27770.7627000
17.5400000 28215.4246000
17.5500000 28081.9997000
17.5600000 28430.3839000
17.5700000 28593.0527000
17.5800000 27825.9526000
17.5900000 27800.4681000
17.6000000 27592.8121000
17.6100000 28536.8571000
17.6200000 27338.1643000
17.6300000 28194.9360000
17.6400000 28205.3518000
17.6500000 28344.2662000
17.6600000 28988.9303000
17.6700000 28677.7810000
17.6800000 28185.3755000
17.6900000 27983.5531000
17.7000000 28419.5856000
17.7100000 27313.5915000
17.7200000 27826.0758000
17.7300000 27825.8805000
17.7400000 29166.9133000
17.7500000 28076.5295000
17.7600000 27800.8122000
17.7700000 28194.5389000
17.7800000 27874.8449000
17.7900000 27629.3193000
17.8000000 28109.6512000
17.8100000 28438.5921000
17.8200000 28100.9955000
17.8300000 28752.9343000
17.8400000 28884.7218000
17.8500000 28332.3624000
17.8600000 28337.1293000
17.8700000 28425.3565000
17.8800000 27261.5295000
17.8900000 27732.5261000
17.9000000 27215.7797000
17.9100000 27667.4829000
17.9200000 27815.0722000
17.9300000 28516.0838000
17.9400000 28832.3084000
17.9500000 28371.3221000
17.9600000 27876.4135000
17.9700000 27461.8693000
17.9800000 27686.5631000
17.9900000 27997.2291000
18.0000000 28609.0770000
18.0100000 28435.9090000
18.0200000 27290.2314000
18.0300000 27779.0537000
18.0400000 27786.5061000
18.0500000 27345.6858000
18.0600000 27832.2413000
18.0700000 28102.7343000
18.0800000 28442.1565000
18.0900000 27984.1664000
18.1000000 27969.8496000
18.1100000 27952.2256000
18.1200000 28868.4331000
18.1300000 27651.1705000
18.1400000 28032.1966000
18.1500000 28275.8845000
18.1600000 28645.3084000
18.1700000 28187.5560000
18.1800000 27716.9565000
18.1900000 27557.5022000
18.2000000 27907.0069000
18.2100000 27965.2944000
18.2200000 28368.6864000
18.2300000 27973.1608000
18.2400000 27746.0078000
18.2500000 28020.5699000
18.2600000 27240.6037000
18.2700000 27308.6584000
18.2800000 27812.4868000
18.2900000 27567.6981000
18.3000000 27932.1747000
18.3100000 28263.8260000
18.3200000 27454.9230000
18.3300000 27483.3100000
18.3400000 27539.7085000
18.3500000 27631.6768000
18.3600000 28270.2988000
18.3700000 28261.5657000
18.3800000 27645.2160000
18.3900000 27331.3063000
18.4000000 27732.7377000
18.4100000 27121.3629000
18.4200000 27047.3322000
18.4300000 28097.3297000
18.4400000 27126.0143000
18.4500000 27573.6923000
18.4600000 27538.4740000
18.4700000 28125.1165000
18.4800000 26223.2941000
18.4900000 27340.3499000
18.5000000 27644.0776000
18.5100000 27481.9662000
18.5200000 27579.2770000
18.5300000 27288.8167000
18.5400000 27255.5294000
18.5500000 28194.2408000
18.5600000 27220.5750000
18.5700000 26970.8852000
18.5800000 26584.9432000
18.5900000 28104.7069000
18.6000000 27352.1346000
18.6100000 27499.2844000
18.6200000 27538.7980000
18.6300000 27186.9344000
18.6400000 27263.4161000
18.6500000 27562.3607000
18.6600000 28392.8893000
18.6700000 27900.9649000
18.6800000 26720.0887000
18.6900000 27144.1472000
18.7000000 27309.6533000
18.7100000 27715.2314000
18.7200000 28063.2538000
18.7300000 26915.2517000
18.7400000 27696.5351000
18.7500000 27571.5308000
18.7600000 28084.2571000
18.7700000 27731.1630000
18.7800000 27273.4115000
18.7900000 27471.7860000
18.8000000 27477.8788000
18.8100000 27590.8005000
18.8200000 27344.3293000
18.8300000 27336.2403000
18.8400000 27567.9315000
18.8500000 27544.4987000
18.8600000 27575.3921000
18.8700000 27203.1388000
18.8800000 26258.8674000
18.8900000 27521.1588000
18.9000000 27600.0432000
18.9100000 27048.9412000
18.9200000 27500.8723000
18.9300000 27552.1943000
18.9400000 26579.6310000
18.9500000 27787.9441000
18.9600000 28239.4409000
18.9700000 27207.6254000
18.9800000 26480.4438000
18.9900000 27251.8367000
19.0000000 27174.7269000
19.0100000 27633.9594000
19.0200000 27230.0196000
19.0300000 27037.0935000
19.0400000 27009.5755000
19.0500000 27222.1633000
19.0600000 27034.6908000
19.0700000 28835.3033000
19.0800000 26638.5707000
19.0900000 27142.8222000
19.1000000 27046.0797000
19.1100000 28027.6759000
19.1200000 27609.8806000
19.1300000 26963.3794000
19.1400000 27200.3199000
19.1500000 27023.0137000
19.1600000 27064.9786000
19.1700000 26814.6057000
19.1800000 27595.6445000
19.1900000 26140.1769000
19.2000000 27618.8558000
19.2100000 26645.4219000
19.2200000 27143.0644000
19.2300000 27331.1554000
19.2400000 26632.7174000
19.2500000 26664.8992000
19.2600000 27300.5787000
19.2700000 26808.4390000
19.2800000 27141.6123000
19.2900000 26733.8704000
19.3000000 26520.4168000
19.3100000 27152.6057000
19.3200000 27063.2910000
19.3300000 26032.5079000
19.3400000 26379.7760000
19.3500000 26600.1368000
19.3600000 27304.4749000
19.3700000 27070.1202000
19.3800000 26877.6088000
19.3900000 26389.2802000
19.4000000 27385.0585000
19.4100000 26257.3984000
19.4200000 26740.3824000
19.4300000 27510.7126000
19.4400000 27227.4979000
19.4500000 26894.1721000
19.4600000 26639.0070000
19.4700000 26530.7811000
19.4800000 26543.3249000
19.4900000 26491.2486000
19.5000000 27276.6159000
19.5100000 27540.9719000
19.5200000 27283.6527000
19.5300000 26959.9299000
19.5400000 26140.0817000
19.5500000 26438.5697000
19.5600000 25418.1737000
19.5700000 26625.9872000
19.5800000 27093.3868000
19.5900000 26057.6441000
19.6000000 26192.6875000
19.6100000 26837.2919000
19.6200000 26284.6644000
19.6300000 25923.1242000
19.6400000 27257.5053000
19.6500000 26785.9095000
19.6600000 26583.9386000
19.6700000 25804.1290000
19.6800000 25994.0922000
19.6900000 26927.8045000
19.7000000 26223.8668000
19.7100000 27511.6003000
19.7200000 27466.4444000
19.7300000 26338.1226000
19.7400000 26500.3286000
19.7500000 26956.3354000
19.7600000 26962.0691000
19.7700000 26276.1338000
19.7800000 26736.2768000
19.7900000 26747.0129000
19.8000000 26780.4271000
19.8100000 26169.6202000
19.8200000 26524.6551000
19.8300000 26640.3295000
19.8400000 26314.5223000
19.8500000 26292.9540000
19.8600000 26515.3137000
19.8700000 26635.1126000
19.8800000 26016.7831000
19.8900000 26514.2958000
19.9000000 26953.2471000
19.9100000 26724.1459000
19.9200000 26701.0569000
19.9300000 26437.3343000
19.9400000 27211.3771000
19.9500000 26238.6530000
19.9600000 26824.9166000
19.9700000 26139.3652000
19.9800000 26671.9650000
19.9900000 26815.5807000
20.0000000 27000.3861000
20.0100000 26217.8349000
20.0200000 26435.0270000
20.0300000 26001.4247000
20.0400000 26021.5485000
20.0500000 26560.7880000
20.0600000 26340.9969000
20.0700000 26602.1566000
20.0800000 26887.5840000
20.0900000 26283.8756000
20.1000000 26619.5159000
20.1100000 26302.3829000
20.1200000 26528.6779000
20.1300000 25418.3984000
20.1400000 26564.1743000
20.1500000 26710.1893000
20.1600000 26589.9887000
20.1700000 26007.2331000
20.1800000 27871.5882000
20.1900000 26255.0074000
20.2000000 26614.9521000
20.2100000 25944.8470000
20.2200000 25465.9384000
20.2300000 25446.6974000
20.2400000 26710.7208000
20.2500000 25663.9928000
20.2600000 25994.4168000
20.2700000 26064.1926000
20.2800000 26094.8237000
20.2900000 26204.9357000
20.3000000 26234.7769000
20.3100000 25587.2778000
20.3200000 25757.7505000
20.3300000 25764.5416000
20.3400000 25161.3027000
20.3500000 25543.5648000
20.3600000 26541.2009000
20.3700000 26544.4504000
20.3800000 26144.3441000
20.3900000 26204.3569000
20.4000000 26889.8306000
20.4100000 26595.4300000
20.4200000 26128.5883000
20.4300000 25703.2678000
20.4400000 26101.5115000
20.4500000 26678.8626000
20.4600000 26747.0699000
20.4700000 26231.7138000
20.4800000 26340.8274000
20.4900000 25790.4536000
20.5000000 26161.0702000
20.5100000 26644.6269000
20.5200000 25992.4290000
20.5300000 25667.9662000
20.5400000 26851.9765000
20.5500000 25838.0259000
20.5600000 25770.4234000
20.5700000 25868.9444000
20.5800000 26458.1650000
20.5900000 26275.9420000
20.6000000 25367.2974000
20.6100000 25564.5706000
20.6200000 26126.9501000
20.6300000 25961.0571000
20.6400000 25112.1922000
20.6500000 25165.9912000
20.6600000 25402.4338000
20.6700000 25896.6410000
20.6800000 25579.8294000
20.6900000 26113.3311000
20.7000000 25715.6596000
20.7100000 25373.4832000
20.7200000 25629.8299000
20.7300000 25773.6709000
20.7400000 26689.4332000
20.7500000 26092.8427000
20.7600000 26092.9097000
20.7700000 26629.3427000
20.7800000 25891.1769000
20.7900000 26745.9580000
20.8000000 26495.6273000
20.8100000 26001.9871000
20.8200000 25687.3729000
20.8300000 25247.3577000
20.8400000 26499.4074000
20.8500000 26022.4889000
20.8600000 25520.9442000
20.8700000 25281.0700000
20.8800000 25594.5450000
20.8900000 25953.3717000
20.9000000 25628.1678000
20.9100000 25681.0161000
20.9200000 25587.8815000
20.9300000 25031.4204000
20.9400000 25919.4387000
20.9500000 25953.9286000
20.9600000 25491.2008000
20.9700000 25511.9684000
20.9800000 25013.9531000
20.9900000 25518.9188000
21.0000000 25914.8336000
21.0100000 25354.5929000
21.0200000 26092.8573000
21.0300000 25742.8263000
21.0400000 25865.1577000
21.0500000 26075.8739000
21.0600000 26058.1959000
21.0700000 25051.9760000
21.0800000 26198.7656000
21.0900000 25402.4190000
21.1000000 25197.1970000
21.1100000 25222.7310000
21.1200000 25341.8000000
21.1300000 25917.6702000
21.1400000 25730.9503000
21.1500000 24967.2897000
21.1600000 24976.9338000
21.1700000 25667.6367000
21.1800000 25632.5201000
21.1900000 25842.6976000
21.2000000 25913.3051000
21.2100000 25991.2975000
21.2200000 25770.8812000
21.2300000 25664.6877000
21.2400000 25861.8733000
21.2500000 25026.6485000
21.2600000 25086.5554000
21.2700000 24641.5583000
21.2800000 25318.0511000
21.2900000 25993.0970000
21.3000000 26093.4799000
21.3100000 25540.3569000
21.3200000 25366.7144000
21.3300000 25021.7439000
21.3400000 25526.1372000
21.3500000 25613.2524000
21.3600000 25400.9704000
21.3700000 25367.3669000
21.3800000 25037.6688000
21.3900000 25449.9919000
21.4000000 25400.7523000
21.4100000 25301.1871000
21.4200000 24830.0792000
21.4300000 26043.3969000
21.4400000 25544.7098000
21.4500000 25711.1837000
21.4600000 25324.2182000
21.4700000 25123.7218000
21.4800000 25560.0658000
21.4900000 24782.0703000
21.5000000 25014.8529000
21.5100000 25445.3724000
21.5200000 25270.3100000
21.5300000 26286.9985000
21.5400000 24907.8023000
21.5500000 25127.9165000
21.5600000 25538.3855000
21.5700000 25240.9602000
21.5800000 24964.3906000
21.5900000 25000.9480000
21.6000000 24902.3742000
21.6100000 24809.0733000
21.6200000 24916.2531000
21.6300000 24725.0309000
21.6400000 25573.8247000
21.6500000 25570.4194000
21.6600000 24998.9654000
21.6700000 24697.5601000
21.6800000 25756.0328000
21.6900000 25399.3159000
21.7000000 25742.2979000
21.7100000 24494.9901000
21.7200000 24486.0778000
21.7300000 25587.6657000
21.7400000 24983.2363000
21.7500000 25083.8383000
21.7600000 25499.3062000
21.7700000 25492.8472000
21.7800000 24575.5391000
21.7900000 24455.5547000
21.8000000 24485.2580000
21.8100000 24977.2203000
21.8200000 25023.1144000
21.8300000 24382.0878000
21.8400000 24672.5139000
21.8500000 24667.3990000
21.8600000 24723.0260000
21.8700000 25103.5405000
21.8800000 24888.3270000
21.8900000 24333.3124000
21.9000000 24896.0730000
21.9100000 24874.0718000
21.9200000 24716.9266000
21.9300000 24480.4550000
21.9400000 24705.2608000
21.9500000 24488.1938000
21.9600000 24454.1952000
21.9700000 24244.0502000
21.9800000 24650.7746000
21.9900000 25317.2043000
22.0000000 24825.3808000
22.0100000 25119.6162000
22.0200000 24850.2213000
22.0300000 25574.8414000
22.0400000 24735.0987000
22.0500000 24598.1292000
22.0600000 24266.3391000
22.0700000 24617.2414000
22.0800000 24798.5271000
22.0900000 24664.8398000
22.1000000 24588.5535000
22.1100000 24836.8968000
22.1200000 24886.7579000
22.1300000 25247.3989000
22.1400000 24419.7129000
22.1500000 24078.1333000
22.1600000 24414.0061000
22.1700000 25148.0804000
22.1800000 24436.0256000
22.1900000 24083.5231000
22.2000000 24818.3883000
22.2100000 24488.9512000
22.2200000 23794.4509000
22.2300000 24180.4480000
22.2400000 24464.0574000
22.2500000 24923.6893000
22.2600000 25082.5475000
22.2700000 23777.8712000
22.2800000 24464.3119000
22.2900000 23548.4299000
22.3000000 24212.2787000
22.3100000 24714.7451000
22.3200000 24190.8214000
22.3300000 24852.8885000
22.3400000 24957.5933000
22.3500000 24046.6003000
22.3600000 24041.6301000
22.3700000 24956.6793000
22.3800000 24441.2196000
22.3900000 24621.0293000
22.4000000 24724.0708000
22.4100000 24498.4894000
22.4200000 24269.1889000
22.4300000 24028.4215000
22.4400000 24660.0281000
22.4500000 24356.2398000
22.4600000 23137.3241000
22.4700000 24162.4451000
22.4800000 24094.6671000
22.4900000 23986.7182000
22.5000000 23623.6790000
22.5100000 23513.5686000
22.5200000 24512.8169000
22.5300000 24086.5762000
22.5400000 23177.5354000
22.5500000 23680.0685000
22.5600000 24243.5731000
22.5700000 23785.2035000
22.5800000 24218.3812000
22.5900000 24230.6727000
22.6000000 23915.7639000
22.6100000 23630.6854000
22.6200000 23639.7980000
22.6300000 24581.3360000
22.6400000 23439.4171000
22.6500000 23985.6115000
22.6600000 24059.9767000
22.6700000 24249.1414000
22.6800000 23898.0641000
22.6900000 24027.2145000
22.7000000 23605.6259000
22.7100000 23542.2095000
22.7200000 24160.1297000
22.7300000 24131.6859000
22.7400000 25086.4771000
22.7500000 24349.2915000
22.7600000 23940.4261000
22.7700000 24244.2150000
22.7800000 23909.3808000
22.7900000 24169.2943000
22.8000000 24173.4956000
22.8100000 24601.5283000
22.8200000 23597.9029000
22.8300000 23717.3077000
22.8400000 23776.6102000
22.8500000 24397.1152000
22.8600000 24405.4632000
22.8700000 23420.1009000
22.8800000 24305.7276000
22.8900000 23679.1717000
22.9000000 23326.0513000
22.9100000 24022.8750000
22.9200000 24297.4635000
22.9300000 24077.2827000
22.9400000 23588.3384000
22.9500000 24660.6298000
22.9600000 24122.6160000
22.9700000 24074.8118000
22.9800000 23949.3759000
22.9900000 23505.7882000
23.0000000 24523.3978000
23.0100000 24572.5124000
23.0200000 22905.5105000
23.0300000 23305.8517000
23.0400000 23262.6760000
23.0500000 23994.7605000
23.0600000 23942.3717000
23.0700000 23975.9035000
23.0800000 23800.4669000
23.0900000 23174.2115000
23.1000000 23173.1008000
23.1100000 23443.0379000
23.1200000 23386.1184000
23.1300000 24151.6694000
23.1400000 23420.0118000
23.1500000 24117.6280000
23.1600000 23213.0249000
23.1700000 23885.4309000
23.1800000 24021.6197000
23.1900000 23501.3494000
23.2000000 24161.1297000
23.2100000 23714.1214000
23.2200000 23450.6979000
23.2300000 23314.1815000
23.2400000 23242.6101000
23.2500000 23342.7694000
23.2600000 23720.0557000
23.2700000 22914.0569000
23.2800000 22900.2310000
23.2900000 23011.7278000
23.3000000 23720.6177000
23.3100000 23394.9432000
23.3200000 23958.7688000
23.3300000 23282.2993000
23.3400000 23542.1789000
23.3500000 22900.1409000
23.3600000 23350.3916000
23.3700000 23583.1498000
23.3800000 24036.5864000
23.3900000 23576.0061000
23.4000000 23047.0866000
23.4100000 23633.2016000
23.4200000 23054.4164000
23.4300000 23256.1351000
23.4400000 22891.2145000
23.4500000 23483.5871000
23.4600000 23217.5955000
23.4700000 23789.5579000
23.4800000 23451.3391000
23.4900000 23560.6994000
23.5000000 23822.9172000
23.5100000 23039.0366000
23.5200000 23322.5179000
23.5300000 22828.5589000
23.5400000 23331.2382000
23.5500000 23078.4368000
23.5600000 22618.8208000
23.5700000 23467.2715000
23.5800000 23229.5462000
23.5900000 22711.1943000
23.6000000 22528.9048000
23.6100000 22710.6287000
23.6200000 22945.8585000
23.6300000 23098.1868000
23.6400000 22652.8879000
23.6500000 23435.6496000
23.6600000 23085.7071000
23.6700000 23174.9141000
23.6800000 23058.1208000
23.6900000 23165.1947000
23.7000000 22468.0348000
23.7100000 23214.6755000
23.7200000 22539.8056000
23.7300000 23514.9271000
23.7400000 23295.3546000
23.7500000 23445.0093000
23.7600000 23010.9395000
23.7700000 23020.5053000
23.7800000 23359.2834000
23.7900000 23523.8007000
23.8000000 22895.7713000
23.8100000 23406.4693000
23.8200000 22341.9521000
23.8300000 23053.8945000
23.8400000 23061.7588000
23.8500000 22418.6254000
23.8600000 21392.0551000
23.8700000 22503.3361000
23.8800000 22818.1214000
23.8900000 23091.6315000
23.9000000 23658.7301000
23.9100000 22996.9712000
23.9200000 23213.3463000
23.9300000 22481.8395000
23.9400000 22713.3342000
23.9500000 22807.8298000
23.9600000 22562.7609000
23.9700000 22682.5733000
23.9800000 23054.5319000
23.9900000 22600.2512000
24.0000000 22682.5810000
24.0100000 23476.1261000
24.0200000 22661.9227000
24.0300000 22950.3372000
24.0400000 22022.6738000
24.0500000 22575.2157000
24.0600000 22142.0894000
24.0700000 21983.8796000
24.0800000 22854.3968000
24.0900000 23354.1422000
24.1000000 23377.2292000
24.1100000 22143.7566000
24.1200000 22790.4618000
24.1300000 23286.5081000
24.1400000 22980.4107000
24.1500000 22825.5823000
24.1600000 22975.3290000
24.1700000 21652.5306000
24.1800000 23002.3040000
24.1900000 22014.9240000
24.2000000 22487.9919000
24.2100000 22723.9192000
24.2200000 22670.5293000
24.2300000 22504.4678000
24.2400000 22444.2269000
24.2500000 21936.5812000
24.2600000 23520.4584000
24.2700000 22712.2971000
24.2800000 22880.3035000
24.2900000 21871.7475000
24.3000000 22476.7680000
24.3100000 21788.5823000
24.3200000 21839.3700000
24.3300000 22518.7210000
24.3400000 21975.8840000
24.3500000 22334.5311000
24.3600000 23155.9794000
24.3700000 22715.6138000
24.3800000 21835.4961000
24.3900000 22663.8300000
24.4000000 22170.1594000
24.4100000 22532.1735000
24.4200000 22020.6502000
24.4300000 22773.7970000
24.4400000 22421.8996000
24.4500000 22445.9238000
24.4600000 22170.8455000
24.4700000 22024.9051000
24.4800000 22626.3867000
24.4900000 22688.0061000
24.5000000 22963.5239000
24.5100000 22277.5831000
24.5200000 21896.1019000
24.5300000 22305.2165000
24.5400000 22385.5041000
24.5500000 21763.8306000
24.5600000 22373.1860000
24.5700000 22176.2894000
24.5800000 21872.8615000
24.5900000 22049.0860000
24.6000000 22626.3169000
24.6100000 21699.5712000
24.6200000 21471.3153000
24.6300000 22136.3866000
24.6400000 22007.2942000
24.6500000 22038.3469000
24.6600000 22906.9743000
24.6700000 22639.5401000
24.6800000 22627.0829000
24.6900000 22507.3009000
24.7000000 22399.8577000
24.7100000 22336.7792000
24.7200000 21907.5002000
24.7300000 21902.3211000
24.7400000 21963.2600000
24.7500000 22208.8291000
24.7600000 22274.5466000
24.7700000 21887.5094000
24.7800000 22176.1694000
24.7900000 21752.1067000
24.8000000 22125.6993000
24.8100000 22351.9241000
24.8200000 22273.4329000
24.8300000 21419.4053000
24.8400000 21750.2086000
24.8500000 21949.1280000
24.8600000 21770.2227000
24.8700000 22444.2906000
24.8800000 21967.2132000
24.8900000 22001.1245000
24.9000000 21458.1591000
24.9100000 21294.1538000
24.9200000 21617.6701000
24.9300000 21869.1424000
24.9400000 21684.7865000
24.9500000 20964.8504000
24.9600000 21350.0987000
24.9700000 21797.0352000
24.9800000 21922.5611000
24.9900000 22078.2700000
25.0000000 21552.5238000
25.0100000 21083.0317000
25.0200000 22078.8890000
25.0300000 21423.2061000
25.0400000 21433.2202000
25.0500000 21198.7504000
25.0600000 22054.5726000
25.0700000 21515.0152000
25.0800000 21545.1719000
25.0900000 21896.6855000
25.1000000 21673.0517000
25.1100000 21713.1215000
25.1200000 21648.1629000
25.1300000 21642.4690000
25.1400000 21620.2672000
25.1500000 20959.1792000
25.1600000 21308.3392000
25.1700000 21778.0375000
25.1800000 21980.6601000
25.1900000 21837.4593000
25.2000000 22095.6703000
25.2100000 21481.3230000
25.2200000 21398.7800000
25.2300000 21324.3584000
25.2400000 21262.6688000
25.2500000 20983.9333000
25.2600000 21851.1653000
25.2700000 21679.9623000
25.2800000 21363.0265000
25.2900000 21545.1146000
25.3000000 22255.0687000
25.3100000 20988.0795000
25.3200000 21363.5722000
25.3300000 21163.9005000
25.3400000 21729.8022000
25.3500000 22178.6866000
25.3600000 21265.7967000
25.3700000 21501.4765000
25.3800000 20802.3771000
25.3900000 21431.8438000
25.4000000 21394.8266000
25.4100000 21240.2551000
25.4200000 21607.6896000
25.4300000 21092.9789000
25.4400000 21202.5173000
25.4500000 21574.3754000
25.4600000 21356.5563000
25.4700000 21865.0200000
25.4800000 21518.7489000
25.4900000 21214.1009000
25.5000000 21177.0688000
25.5100000 21671.5238000
25.5200000 21650.7909000
25.5300000 20903.0095000
25.5400000 21351.7413000
25.5500000 21268.0273000
25.5600000 20757.3291000
25.5700000 20835.4655000
25.5800000 22116.1863000
25.5900000 21407.4890000
25.6000000 21618.9950000
25.6100000 21315.0349000
25.6200000 20595.1972000
25.6300000 21642.9613000
25.6400000 21353.4355000
25.6500000 21344.7583000
25.6600000 21673.7475000
25.6700000 22075.7507000
25.6800000 21614.1746000
25.6900000 21572.1183000
25.7000000 21169.8093000
25.7100000 20862.1020000
25.7200000 20501.6398000
25.7300000 21472.6135000
25.7400000 21310.4197000
25.7500000 20986.1725000
25.7600000 20665.2884000
25.7700000 20575.9878000
25.7800000 21249.5567000
25.7900000 21014.5662000
25.8000000 21254.7196000
25.8100000 20830.0310000
25.8200000 21228.2320000
25.8300000 20892.3673000
25.8400000 20925.8674000
25.8500000 20676.4420000
25.8600000 20433.9942000
25.8700000 20221.3317000
25.8800000 21039.3832000
25.8900000 20972.5072000
25.9000000 21191.1448000
25.9100000 21307.2165000
25.9200000 21537.7527000
25.9300000 20675.6912000
25.9400000 20960.5148000
25.9500000 20638.2295000
25.9600000 20174.2996000
25.9700000 20808.2021000
25.9800000 20656.1386000
25.9900000 20911.1930000
26.0000000 20371.1551000
26.0100000 21076.4793000
26.0200000 21107.5145000
26.0300000 20804.7969000
26.0400000 21395.0765000
26.0500000 20281.7098000
26.0600000 20689.5477000
26.0700000 20588.1376000
26.0800000 20385.4340000
26.0900000 20939.6677000
26.1000000 20877.2598000
26.1100000 20131.0615000
26.1200000 20704.9558000
26.1300000 20565.6173000
26.1400000 20901.9623000
26.1500000 20964.6221000
26.1600000 20697.1790000
26.1700000 21032.8205000
26.1800000 20596.7740000
26.1900000 20766.7081000
26.2000000 20506.8451000
26.2100000 20874.4091000
26.2200000 20630.5554000
26.2300000 21021.2937000
26.2400000 20601.5976000
26.2500000 21050.8830000
26.2600000 21182.6170000
26.2700000 20403.5071000
26.2800000 20120.4272000
26.2900000 20423.4237000
26.3000000 20361.9263000
26.3100000 20453.0409000
26.3200000 20938.9099000
26.3300000 20741.2549000
26.3400000 20740.9805000
26.3500000 20373.3650000
26.3600000 20747.7574000
26.3700000 20740.5050000
26.3800000 20154.6951000
26.3900000 20108.7634000
26.4000000 20634.6899000
26.4100000 20666.0590000
26.4200000 20637.0842000
26.4300000 20376.7752000
26.4400000 20354.3398000
26.4500000 20093.4266000
26.4600000 20949.7726000
26.4700000 20663.9622000
26.4800000 20815.5056000
26.4900000 19974.7237000
26.5000000 20158.4677000
26.5100000 20970.4800000
26.5200000 20249.1417000
26.5300000 19963.0941000
26.5400000 20340.6738000
26.5500000 19336.6900000
26.5600000 20268.1783000
26.5700000 20888.4017000
26.5800000 21148.4421000
26.5900000 20268.5424000
26.6000000 19911.4815000
26.6100000 20457.4060000
26.6200000 19950.5208000
26.6300000 20613.7014000
26.6400000 20101.9349000
26.6500000 19892.5847000
26.6600000 20127.4018000
26.6700000 19520.1710000
26.6800000 20299.9406000
26.6900000 20034.4961000
26.7000000 20333.8758000
26.7100000 19822.9485000
26.7200000 19656.3340000
26.7300000 19507.2050000
26.7400000 19543.8040000
26.7500000 19804.8741000
26.7600000 20168.6880000
26.7700000 20043.4354000
26.7800000 19784.9620000
26.7900000 20687.0652000
26.8000000 20759.5073000
26.8100000 20551.4127000
26.8200000 20215.8580000
26.8300000 20267.8691000
26.8400000 19635.3933000
26.8500000 20096.4374000
26.8600000 19805.0634000
26.8700000 19955.2263000
26.8800000 19463.3344000
26.8900000 20373.0547000
26.9000000 20245.2210000
26.9100000 19474.2454000
26.9200000 19779.1855000
26.9300000 20754.2096000
26.9400000 20030.1525000
26.9500000 19678.4487000
26.9600000 19572.0432000
26.9700000 19830.6669000
26.9800000 19988.4393000
26.9900000 19853.7122000
27.0000000 20145.6283000
27.0100000 20204.6403000
27.0200000 19781.7551000
27.0300000 20074.6419000
27.0400000 19550.9000000
27.0500000 19649.3075000
27.0600000 19508.7393000
27.0700000 20334.7797000
27.0800000 20697.4411000
27.0900000 20414.6164000
27.1000000 19490.6063000
27.1100000 19733.6972000
27.1200000 20178.0586000
27.1300000 20342.1680000
27.1400000 20642.6435000
27.1500000 19977.8259000
27.1600000 19759.4426000
27.1700000 20260.6306000
27.1800000 20038.4555000
27.1900000 19554.3272000
27.2000000 19861.3891000
27.2100000 20146.5218000
27.2200000 20505.6745000
27.2300000 20321.9155000
27.2400000 19845.9836000
27.2500000 19074.0207000
27.2600000 19966.9073000
27.2700000 19537.6119000
27.2800000 19665.7223000
27.2900000 19598.8171000
27.3000000 19142.2786000
27.3100000 19664.8831000
27.3200000 20074.8052000
27.3300000 20314.0269000
27.3400000 19659.2808000
27.3500000 19782.4184000
27.3600000 19605.4448000
27.3700000 19812.4532000
27.3800000 20006.6251000
27.3900000 19965.8436000
27.4000000 19701.6409000
27.4100000 19585.4866000
27.4200000 19905.9960000
27.4300000 19191.6994000
27.4400000 19532.1540000
27.4500000 19432.4807000
27.4600000 19698.5186000
27.4700000 19216.4493000
27.4800000 19867.5361000
27.4900000 19441.0442000
27.5000000 19452.9474000
27.5100000 18993.0170000
27.5200000 20008.8168000
27.5300000 19849.0998000
27.5400000 18999.8109000
27.5500000 19174.1369000
27.5600000 19791.8571000
27.5700000 19116.6537000
27.5800000 19881.6376000
27.5900000 19257.2131000
27.6000000 19482.1811000
27.6100000 19499.4736000
27.6200000 19817.6037000
27.6300000 19059.1907000
27.6400000 19635.8832000
27.6500000 19658.5632000
27.6600000 19825.8820000
27.6700000 19201.4438000
27.6800000 19097.0433000
27.6900000 20079.9516000
27.7000000 19219.7398000
27.7100000 19519.3011000
27.7200000 19495.6010000
27.7300000 19373.7903000
27.7400000 19415.9531000
27.7500000 18849.2750000
27.7600000 18911.9367000
27.7700000 19017.9659000
27.7800000 19436.3301000
27.7900000 19617.5130000
27.8000000 18405.2155000
27.8100000 18897.8223000
27.8200000 19055.6261000
27.8300000 18625.4146000
27.8400000 19244.4639000
27.8500000 19748.5554000
27.8600000 19650.4608000
27.8700000 18787.7395000
27.8800000 19272.8416000
27.8900000 18850.2189000
27.9000000 19213.6157000
27.9100000 18578.1885000
27.9200000 19898.2457000
27.9300000 19503.6102000
27.9400000 19067.3312000
27.9500000 19182.9163000
27.9600000 19197.4969000
27.9700000 18971.7168000
27.9800000 19383.9443000
27.9900000 19269.4895000
28.0000000 18790.5713000
28.0100000 19154.8930000
28.0200000 19185.8312000
28.0300000 19144.6393000
28.0400000 19157.5572000
28.0500000 18581.4496000
28.0600000 18567.6336000
28.0700000 19559.2677000
28.0800000 19562.6304000
28.0900000 18923.6494000
28.1000000 19080.3479000
28.1100000 18864.1754000
28.1200000 18688.5612000
28.1300000 19045.9291000
28.1400000 19426.1706000
28.1500000 18961.0650000
28.1600000 18689.4558000
28.1700000 19513.9182000
28.1800000 19152.5846000
28.1900000 19252.8798000
28.2000000 19251.6721000
28.2100000 18287.6256000
28.2200000 18753.1541000
28.2300000 18677.5414000
28.2400000 19376.8017000
28.2500000 19487.8206000
28.2600000 19665.8623000
28.2700000 19251.3164000
28.2800000 19349.1183000
28.2900000 19356.4186000
28.3000000 19554.5535000
28.3100000 19512.4209000
28.3200000 19334.0069000
28.3300000 18944.0177000
28.3400000 19037.1394000
28.3500000 18853.8817000
28.3600000 19326.7246000
28.3700000 19791.5479000
28.3800000 19255.4100000
28.3900000 19236.5384000
28.4000000 19447.8047000
28.4100000 19513.0508000
28.4200000 19215.4231000
28.4300000 19201.5607000
28.4400000 18889.3028000
28.4500000 19399.6430000
28.4600000 19600.9865000
28.4700000 19239.3771000
28.4800000 18738.4969000
28.4900000 18717.1034000
28.5000000 19221.0092000
28.5100000 19689.6723000
28.5200000 19586.3192000
28.5300000 18662.3612000
28.5400000 18013.3189000
28.5500000 19483.7080000
28.5600000 18806.0933000
28.5700000 18689.1505000
28.5800000 19318.7721000
28.5900000 18722.9721000
28.6000000 18329.6316000
28.6100000 18676.0142000
28.6200000 18477.2196000
28.6300000 18473.5740000
28.6400000 18744.5300000
28.6500000 18348.4334000
28.6600000 17782.2982000
28.6700000 18617.7146000
28.6800000 18194.5475000
28.6900000 18249.0512000
28.7000000 18678.2618000
28.7100000 18287.7451000
28.7200000 18488.1566000
28.7300000 18057.4202000
28.7400000 19111.5100000
28.7500000 18972.6077000
28.7600000 19044.2211000
28.7700000 18703.1506000
28.7800000 18693.4565000
28.7900000 18457.1401000
28.8000000 18221.4057000
28.8100000 17929.6532000
28.8200000 18239.3112000
28.8300000 18864.4008000
28.8400000 18373.9331000
28.8500000 18695.8557000
28.8600000 18144.1236000
28.8700000 18819.4761000
28.8800000 18529.1710000
28.8900000 18807.6522000
28.9000000 18444.8296000
28.9100000 18390.4043000
28.9200000 18266.4001000
28.9300000 18023.9965000
28.9400000 18353.0057000
28.9500000 18585.6816000
28.9600000 18307.7339000
28.9700000 17707.6650000
28.9800000 18486.1957000
28.9900000 17954.5442000
29.0000000 18065.6283000
29.0100000 18162.8121000
29.0200000 18466.8346000
29.0300000 18756.2418000
29.0400000 18721.1452000
29.0500000 18032.3710000
29.0600000 18062.7751000
29.0700000 18310.3790000
29.0800000 18300.0387000
29.0900000 18454.2185000
29.1000000 18593.0349000
29.1100000 18403.7539000
29.1200000 18225.9153000
29.1300000 18677.8404000
29.1400000 18082.6476000
29.1500000 18137.5938000
29.1600000 17770.6846000
29.1700000 17798.4619000
29.1800000 18950.1849000
29.1900000 18216.5850000
29.2000000 17566.1624000
29.2100000 18446.6264000
29.2200000 18631.3351000
29.2300000 17636.6445000
29.2400000 18291.1376000
29.2500000 18496.9757000
29.2600000 18432.9830000
29.2700000 18132.1914000
29.2800000 18513.8517000
29.2900000 18215.1703000
29.3000000 17854.4258000
29.3100000 18358.6934000
29.3200000 18070.7656000
29.3300000 18386.6489000
29.3400000 18137.7642000
29.3500000 18094.4971000
29.3600000 18079.7010000
29.3700000 18045.1025000
29.3800000 18398.4370000
29.3900000 18218.4207000
29.4000000 18239.7264000
29.4100000 17997.5121000
29.4200000 19052.6688000
29.4300000 18392.8133000
29.4400000 17994.9494000
29.4500000 17951.1845000
29.4600000 18364.5614000
29.4700000 17821.5544000
29.4800000 17572.4177000
29.4900000 19099.7611000
29.5000000 18722.0802000
29.5100000 19375.3339000
29.5200000 18657.5717000
29.5300000 18480.8589000
29.5400000 18693.5636000
29.5500000 18809.7265000
29.5600000 19266.8902000
29.5700000 18700.4799000
29.5800000 18961.4479000
29.5900000 18824.0825000
29.6000000 19106.4683000
29.6100000 19517.1933000
29.6200000 18837.5865000
29.6300000 19381.5666000
29.6400000 19699.1076000
29.6500000 18518.3388000
29.6600000 19062.8091000
29.6700000 19594.0137000
29.6800000 18311.3768000
29.6900000 18385.0962000
29.7000000 18956.3092000
29.7100000 17710.5799000
29.7200000 18138.9769000
29.7300000 18386.7968000
29.7400000 18352.6176000
29.7500000 18448.9672000
29.7600000 17476.6602000
29.7700000 18192.5651000
29.7800000 17320.0722000
29.7900000 17783.1375000
29.8000000 17752.5179000
29.8100000 17763.5609000
29.8200000 17412.6640000
29.8300000 17856.4159000
29.8400000 17827.7485000
29.8500000 18207.9128000
29.8600000 17636.7440000
29.8700000 17465.4454000
29.8800000 17617.1971000
29.8900000 17423.4948000
29.9000000 16954.8136000
29.9100000 17166.5380000
29.9200000 17629.4480000
29.9300000 17689.0340000
29.9400000 17225.9260000
29.9500000 17348.5567000
29.9600000 17825.8052000
29.9700000 17632.4324000
29.9800000 17951.6340000
29.9900000 17519.4850000
30.0000000 17430.6751000
30.0100000 17435.0917000
30.0200000 17458.8705000
30.0300000 17383.5150000
30.0400000 17660.7826000
30.0500000 17714.7759000
30.0600000 17484.8750000
30.0700000 17517.4281000
30.0800000 17090.5229000
30.0900000 17435.0546000
30.1000000 18152.3734000
30.1100000 17894.6877000
30.1200000 17103.0792000
30.1300000 17644.1566000
30.1400000 17631.6128000
30.1500000 17437.9242000
30.1600000 17540.1490000
30.1700000 17388.2225000
30.1800000 17774.5464000
30.1900000 17411.8939000
30.2000000 17236.8335000
30.2100000 17211.7019000
30.2200000 17405.6425000
30.2300000 17511.0710000
30.2400000 17346.9431000
30.2500000 17548.9818000
30.2600000 18119.2044000
30.2700000 17301.4895000
30.2800000 17307.6467000
30.2900000 17756.8042000
30.3000000 16659.1752000
30.3100000 17191.0882000
30.3200000 17584.4788000
30.3300000 18038.0107000
30.3400000 17978.5408000
30.3500000 17497.5493000
30.3600000 17450.2266000
30.3700000 17195.8114000
30.3800000 18219.9422000
30.3900000 17350.3184000
30.4000000 17396.2427000
30.4100000 17618.9557000
30.4200000 17262.5929000
30.4300000 17024.2104000
30.4400000 17050.4913000
30.4500000 16831.2722000
30.4600000 17401.7412000
30.4700000 17353.7860000
30.4800000 17297.4533000
30.4900000 17101.6917000
30.5000000 17078.8858000
30.5100000 16685.9551000
30.5200000 18089.5965000
30.5300000 17892.7796000
30.5400000 17018.2607000
30.5500000 17505.4561000
30.5600000 17444.3766000
30.5700000 17168.7950000
30.5800000 16868.0167000
30.5900000 17439.9135000
30.6000000 17433.3987000
30.6100000 17187.7016000
30.6200000 17180.2363000
30.6300000 16397.8343000
30.6400000 17387.8738000
30.6500000 17683.3518000
30.6600000 17895.8692000
30.6700000 17431.5911000
30.6800000 17161.6361000
30.6900000 17348.1850000
30.7000000 16603.7904000
30.7100000 17074.6222000
30.7200000 16974.3848000
30.7300000 17276.3384000
30.7400000 17588.1551000
30.7500000 17178.4532000
30.7600000 16491.4232000
30.7700000 16938.4496000
30.7800000 16972.9166000
30.7900000 16668.7278000
30.8000000 16935.1763000
30.8100000 16787.8598000
30.8200000 16666.7935000
30.8300000 17224.3975000
30.8400000 17238.2213000
30.8500000 16725.9620000
30.8600000 17096.5822000
30.8700000 16973.5200000
30.8800000 17307.9127000
30.8900000 17590.3277000
30.9000000 16993.3161000
30.9100000 16744.6303000
30.9200000 17005.7462000
30.9300000 17218.5727000
30.9400000 16796.6552000
30.9500000 17472.7544000
30.9600000 16990.2353000
30.9700000 16494.7230000
30.9800000 16990.7310000
30.9900000 16349.2740000
31.0000000 17135.4129000
31.0100000 16524.8849000
31.0200000 16960.1003000
31.0300000 16733.2886000
31.0400000 17031.0742000
31.0500000 17249.6854000
31.0600000 17569.1398000
31.0700000 16878.2967000
31.0800000 16877.8152000
31.0900000 16787.4987000
31.1000000 16728.0953000
31.1100000 17395.0427000
31.1200000 16377.4534000
31.1300000 17249.3599000
31.1400000 17059.9394000
31.1500000 16836.0641000
31.1600000 17192.1010000
31.1700000 16546.7563000
31.1800000 16942.5133000
31.1900000 16935.1677000
31.2000000 16505.4757000
31.2100000 17235.4429000
31.2200000 17119.7345000
31.2300000 17052.3878000
31.2400000 16676.3488000
31.2500000 16625.5115000
31.2600000 16663.4583000
31.2700000 16482.3919000
31.2800000 17164.0815000
31.2900000 16457.9021000
31.3000000 16635.7510000
31.3100000 16825.5689000
31.3200000 15927.0620000
31.3300000 16476.1877000
31.3400000 17244.8498000
31.3500000 17154.2807000
31.3600000 16151.7630000
31.3700000 16175.5559000
31.3800000 16588.4876000
31.3900000 17265.2153000
31.4000000 17059.1860000
31.4100000 16739.1604000
31.4200000 17048.7547000
31.4300000 17123.7241000
31.4400000 16734.8740000
31.4500000 16940.3142000
31.4600000 16072.3402000
31.4700000 16945.1258000
31.4800000 16801.0336000
31.4900000 16867.9850000
31.5000000 16871.7824000
31.5100000 16534.0464000
31.5200000 16244.4819000
31.5300000 16888.7324000
31.5400000 16842.3788000
31.5500000 16264.1594000
31.5600000 17251.9499000
31.5700000 16598.7755000
31.5800000 16807.4078000
31.5900000 16507.2989000
31.6000000 16245.4806000
31.6100000 16715.7287000
31.6200000 16828.6150000
31.6300000 17060.7350000
31.6400000 16544.3946000
31.6500000 16658.8758000
31.6600000 16027.6852000
31.6700000 16111.9659000
31.6800000 16365.2700000
31.6900000 16409.6080000
31.7000000 16879.1100000
31.7100000 16905.9076000
31.7200000 16465.3294000
31.7300000 16279.2721000
31.7400000 16670.9689000
31.7500000 17011.1848000
31.7600000 16834.5899000
31.7700000 16610.2199000
31.7800000 16631.1206000
31.7900000 16288.5943000
31.8000000 15803.6621000
31.8100000 16537.7457000
31.8200000 16527.0981000
31.8300000 16106.1048000
31.8400000 15559.1988000
31.8500000 16263.5786000
31.8600000 15449.9240000
31.8700000 17207.3377000
31.8800000 16454.7851000
31.8900000 16605.3165000
31.9000000 16555.5603000
31.9100000 16360.2158000
31.9200000 16336.0205000
31.9300000 16181.2623000
31.9400000 15964.8723000
31.9500000 15958.0760000
31.9600000 16426.6972000
31.9700000 16092.5771000
31.9800000 16365.1797000
31.9900000 16278.8974000
32.0000000 16627.9858000
32.0100000 16345.0122000
32.0200000 16507.2630000
32.0300000 16355.9592000
32.0400000 16207.2803000
32.0500000 16387.2161000
32.0600000 16489.5209000
32.0700000 16452.9282000
32.0800000 16267.1458000
32.0900000 16100.8677000
32.1000000 16109.6677000
32.1100000 16593.7167000
32.1200000 15767.5915000
32.1300000 16717.4609000
32.1400000 16216.5880000
32.1500000 16486.9360000
32.1600000 16554.6901000
32.1700000 16298.7421000
32.1800000 16531.6375000
32.1900000 16292.2241000
32.2000000 16509.3284000
32.2100000 15832.1167000
32.2200000 15922.9818000
32.2300000 16103.4349000
32.2400000 16347.4427000
32.2500000 16141.7874000
32.2600000 15968.8842000
32.2700000 16796.7948000
32.2800000 16370.0691000
32.2900000 16178.4429000
32.3000000 16513.5376000
32.3100000 15932.1922000
32.3200000 16650.8975000
32.3300000 16319.6423000
32.3400000 16573.6634000
32.3500000 15619.4936000
32.3600000 16318.3423000
32.3700000 16525.6836000
32.3800000 16411.0009000
32.3900000 15323.4453000
32.4000000 15718.4092000
32.4100000 15789.2423000
32.4200000 16234.9286000
32.4300000 16495.7664000
32.4400000 16394.5969000
32.4500000 16308.9104000
32.4600000 16068.4312000
32.4700000 16484.8762000
32.4800000 15889.5682000
32.4900000 16326.0511000
32.5000000 16405.7065000
32.5100000 16570.8414000
32.5200000 15898.6975000
32.5300000 15973.2116000
32.5400000 16000.6247000
32.5500000 15953.0584000
32.5600000 16333.5093000
32.5700000 16043.0791000
32.5800000 16059.3490000
32.5900000 16052.9371000
32.6000000 15852.1543000
32.6100000 16351.4236000
32.6200000 16059.4757000
32.6300000 16558.1535000
32.6400000 16539.9254000
32.6500000 16478.9884000
32.6600000 16091.6652000
32.6700000 15693.3096000
32.6800000 15825.0730000
32.6900000 15412.7373000
32.7000000 15347.0785000
32.7100000 15650.8502000
32.7200000 16269.8878000
32.7300000 16229.5774000
32.7400000 15971.6827000
32.7500000 15708.7105000
32.7600000 15965.7758000
32.7700000 16113.1986000
32.7800000 15680.1974000
32.7900000 16225.6059000
32.8000000 15879.4317000
32.8100000 16192.4218000
32.8200000 15535.5776000
32.8300000 16459.8030000
32.8400000 15336.7994000
32.8500000 15459.7603000
32.8600000 15718.7881000
32.8700000 15600.4044000
32.8800000 16163.5493000
32.8900000 16296.9345000
32.9000000 15920.2561000
32.9100000 15696.3686000
32.9200000 15893.4033000
32.9300000 15875.9562000
32.9400000 16045.8333000
32.9500000 16315.0857000
32.9600000 16483.9770000
32.9700000 15883.3679000
32.9800000 16069.7208000
32.9900000 16091.5726000
33.0000000 15990.4602000
33.0100000 16495.8472000
33.0200000 16717.7447000
33.0300000 16573.2093000
33.0400000 17168.5511000
33.0500000 17015.9023000
33.0600000 17210.0744000
33.0700000 17376.7558000
33.0800000 17422.6496000
33.0900000 17068.3935000
33.1000000 18045.6950000
33.1100000 18059.6553000
33.1200000 17846.1847000
33.1300000 18270.8473000
33.1400000 18605.1594000
33.1500000 18738.7680000
33.1600000 19505.3965000
33.1700000 19749.8286000
33.1800000 19549.6253000
33.1900000 20147.5912000
33.2000000 21533.0579000
33.2100000 21357.5680000
33.2200000 21847.2839000
33.2300000 21489.9843000
33.2400000 22716.5538000
33.2500000 22169.5293000
33.2600000 22432.1326000
33.2700000 21967.4091000
33.2800000 22760.9695000
33.2900000 21900.4074000
33.3000000 21316.3088000
33.3100000 20529.5830000
33.3200000 20705.4180000
33.3300000 19443.4722000
33.3400000 19295.0146000
33.3500000 18203.0220000
33.3600000 17781.9087000
33.3700000 17134.3860000
33.3800000 17710.4711000
33.3900000 17057.5476000
33.4000000 16366.4136000
33.4100000 16755.4579000
33.4200000 16656.3917000
33.4300000 16675.7393000
33.4400000 16377.3937000
33.4500000 16338.3043000
33.4600000 15269.7451000
33.4700000 15017.4102000
33.4800000 15606.0422000
33.4900000 15594.2241000
33.5000000 15091.5091000
33.5100000 15981.6593000
33.5200000 15194.6821000
33.5300000 15213.4965000
33.5400000 15167.6228000
33.5500000 15765.5151000
33.5600000 15722.8238000
33.5700000 15667.1395000
33.5800000 15561.8093000
33.5900000 15213.8829000
33.6000000 14875.3686000
33.6100000 15901.2575000
33.6200000 15536.5372000
33.6300000 15268.8471000
33.6400000 14998.2407000
33.6500000 15638.9585000
33.6600000 15539.7016000
33.6700000 15201.2166000
33.6800000 15558.6520000
33.6900000 15591.4689000
33.7000000 15231.2648000
33.7100000 15776.5223000
33.7200000 15497.5431000
33.7300000 15801.8491000
33.7400000 15897.7818000
33.7500000 15997.8028000
33.7600000 15191.7629000
33.7700000 15474.1186000
33.7800000 15541.3266000
33.7900000 15676.9187000
33.8000000 15367.0772000
33.8100000 15556.2286000
33.8200000 15789.1716000
33.8300000 15484.1959000
33.8400000 16222.3871000
33.8500000 15263.3160000
33.8600000 15898.5415000
33.8700000 15227.1039000
33.8800000 15536.1821000
33.8900000 16023.0527000
33.9000000 15780.1277000
33.9100000 15238.5999000
33.9200000 14908.7893000
33.9300000 14619.5228000
33.9400000 14284.3841000
33.9500000 15245.0512000
33.9600000 15683.1443000
33.9700000 15406.5422000
33.9800000 15373.4635000
33.9900000 15537.8212000
34.0000000 15758.6450000
34.0100000 15903.8874000
34.0200000 15744.4832000
34.0300000 15200.2231000
34.0400000 15393.9300000
34.0500000 15424.3250000
34.0600000 14916.4029000
34.0700000 15104.6025000
34.0800000 14145.6832000
34.0900000 15429.0907000
34.1000000 15483.6690000
34.1100000 14375.5372000
34.1200000 14894.7371000
34.1300000 15616.0633000
34.1400000 15421.4273000
34.1500000 15534.4757000
34.1600000 15551.5179000
34.1700000 15402.2438000
34.1800000 15173.8527000
34.1900000 15191.6743000
34.2000000 15532.4483000
34.2100000 15185.3304000
34.2200000 15019.1015000
34.2300000 14901.6942000
34.2400000 15382.3777000
34.2500000 15634.6244000
34.2600000 15393.8077000
34.2700000 14653.1142000
34.2800000 15117.1158000
34.2900000 15012.8637000
34.3000000 14978.0490000
34.3100000 14802.3428000
34.3200000 14712.4911000
34.3300000 15253.5767000
34.3400000 15512.1279000
34.3500000 15676.3160000
34.3600000 14564.8654000
34.3700000 14951.6601000
34.3800000 14744.3249000
34.3900000 14865.2090000
34.4000000 15970.7166000
34.4100000 15294.3611000
34.4200000 15372.3719000
34.4300000 14721.4842000
34.4400000 14587.2787000
34.4500000 15168.4812000
34.4600000 15151.8568000
34.4700000 15147.8330000
34.4800000 15040.9016000
34.4900000 15282.6556000
34.5000000 15382.7703000
34.5100000 14892.9309000
34.5200000 14988.2480000
34.5300000 14748.4959000
34.5400000 14764.1070000
34.5500000 14952.4983000
34.5600000 14439.5800000
34.5700000 14504.2129000
34.5800000 14708.7331000
34.5900000 14762.8851000
34.6000000 15486.0889000
34.6100000 15195.8190000
34.6200000 14978.7662000
34.6300000 14748.4988000
34.6400000 15060.6003000
34.6500000 15304.6119000
34.6600000 15389.7740000
34.6700000 15070.6666000
34.6800000 14390.3155000
34.6900000 14778.9698000
34.7000000 14842.3595000
34.7100000 14464.5348000
34.7200000 14893.9093000
34.7300000 15046.9780000
34.7400000 15240.5651000
34.7500000 15277.7848000
34.7600000 15788.5048000
34.7700000 15263.1877000
34.7800000 15482.1020000
34.7900000 15017.1842000
34.8000000 15595.4837000
34.8100000 15089.5445000
34.8200000 15643.9582000
34.8300000 15601.6260000
34.8400000 15299.6153000
34.8500000 15630.9177000
34.8600000 15023.4532000
34.8700000 15269.5297000
34.8800000 14737.5425000
34.8900000 14813.1411000
34.9000000 14989.0250000
34.9100000 14389.9671000
34.9200000 14347.3595000
34.9300000 14517.6696000
34.9400000 14446.9184000
34.9500000 14315.3114000
34.9600000 14900.1521000
34.9700000 15079.6646000
34.9800000 14541.9922000
34.9900000 14775.8753000
35.0000000 14805.0630000
35.0100000 14538.4500000
35.0200000 15050.2525000
35.0300000 14781.2871000
35.0400000 14411.7637000
35.0500000 14368.2403000
35.0600000 15151.2948000
35.0700000 15106.2461000
35.0800000 14642.6694000
35.0900000 15369.7213000
35.1000000 14885.3174000
35.1100000 15255.4497000
35.1200000 15160.9604000
35.1300000 14858.4376000
35.1400000 14549.5356000
35.1500000 14848.6166000
35.1600000 14674.1915000
35.1700000 14434.6735000
35.1800000 14861.5461000
35.1900000 14688.1039000
35.2000000 14139.3847000
35.2100000 15115.9467000
35.2200000 15099.8686000
35.2300000 15189.4280000
35.2400000 14327.6390000
35.2500000 14689.6203000
35.2600000 14842.8845000
35.2700000 14555.2404000
35.2800000 15273.1171000
35.2900000 14164.0298000
35.3000000 14926.5739000
35.3100000 14531.8997000
35.3200000 14683.6359000
35.3300000 14680.4151000
35.3400000 14572.4778000
35.3500000 15061.6684000
35.3600000 14684.9128000
35.3700000 14939.1014000
35.3800000 14701.4915000
35.3900000 15288.8845000
35.4000000 14280.2608000
35.4100000 15382.5184000
35.4200000 14867.9131000
35.4300000 14588.8946000
35.4400000 14886.2549000
35.4500000 14242.3740000
35.4600000 14383.5156000
35.4700000 14520.3371000
35.4800000 14398.8250000
35.4900000 14734.9058000
35.5000000 14975.6845000
35.5100000 14583.8153000
35.5200000 14326.3186000
35.5300000 14063.8204000
35.5400000 14469.3313000
35.5500000 14077.9287000
35.5600000 13922.1261000
35.5700000 14762.3660000
35.5800000 14153.1365000
35.5900000 14085.1255000
35.6000000 14680.6073000
35.6100000 14191.6969000
35.6200000 14562.7290000
35.6300000 14071.6690000
35.6400000 14832.7056000
35.6500000 14090.5874000
35.6600000 14355.3543000
35.6700000 14224.8072000
35.6800000 15064.5467000
35.6900000 14767.0670000
35.7000000 14655.5692000
35.7100000 13781.2460000
35.7200000 14241.5451000
35.7300000 14503.6225000
35.7400000 14794.9705000
35.7500000 14394.3290000
35.7600000 14477.9462000
35.7700000 14549.1918000
35.7800000 14073.9063000
35.7900000 14237.6646000
35.8000000 13805.3935000
35.8100000 14460.3228000
35.8200000 14773.4891000
35.8300000 14016.8335000
35.8400000 14421.8269000
35.8500000 14590.0337000
35.8600000 14637.2083000
35.8700000 14696.6300000
35.8800000 14576.8704000
35.8900000 14251.0198000
35.9000000 14108.4584000
35.9100000 14179.6806000
35.9200000 14125.6604000
35.9300000 14078.0709000
35.9400000 14696.8741000
35.9500000 13897.7934000
35.9600000 14893.6698000
35.9700000 14373.9597000
35.9800000 13999.6882000
35.9900000 14173.7958000
36.0000000 14208.6193000
36.0100000 14941.5360000
36.0200000 14817.8034000
36.0300000 14170.0668000
36.0400000 14570.9103000
36.0500000 13967.1836000
36.0600000 14414.4236000
36.0700000 14176.9855000
36.0800000 14466.3674000
36.0900000 14662.4791000
36.1000000 14225.8021000
36.1100000 14139.1230000
36.1200000 14325.6098000
36.1300000 14433.5194000
36.1400000 14243.4091000
36.1500000 14108.8369000
36.1600000 14212.7071000
36.1700000 14456.6282000
36.1800000 13966.9871000
36.1900000 14588.3787000
36.2000000 14063.0561000
36.2100000 13700.8770000
36.2200000 13973.7737000
36.2300000 13959.2836000
36.2400000 13872.4321000
36.2500000 14479.1626000
36.2600000 14434.4989000
36.2700000 14681.2947000
36.2800000 14523.5925000
36.2900000 14118.7173000
36.3000000 14156.1813000
36.3100000 14378.3824000
36.3200000 14333.6714000
36.3300000 14190.3200000
36.3400000 14317.4299000
36.3500000 13862.6987000
36.3600000 14498.4004000
36.3700000 14804.8440000
36.3800000 13886.9624000
36.3900000 14189.9157000
36.4000000 13791.3289000
36.4100000 14233.2812000
36.4200000 14063.0459000
36.4300000 14092.5878000
36.4400000 14168.3446000
36.4500000 14470.5188000
36.4600000 14320.1287000
36.4700000 13731.8200000
36.4800000 14144.4913000
36.4900000 13323.8747000
36.5000000 14139.6943000
36.5100000 14221.5881000
36.5200000 14053.7602000
36.5300000 14361.7149000
36.5400000 13981.8375000
36.5500000 14095.4005000
36.5600000 14322.1633000
36.5700000 14443.3566000
36.5800000 14450.2174000
36.5900000 13508.9163000
36.6000000 14130.0199000
36.6100000 14197.4100000
36.6200000 14011.0505000
36.6300000 14286.2607000
36.6400000 14060.1314000
36.6500000 13828.1047000
36.6600000 13753.0864000
36.6700000 13352.1647000
36.6800000 13665.3138000
36.6900000 13946.1884000
36.7000000 13738.2909000
36.7100000 13988.3980000
36.7200000 13917.7816000
36.7300000 13716.5021000
36.7400000 14081.4947000
36.7500000 13584.8521000
36.7600000 13664.9313000
36.7700000 13787.4838000
36.7800000 14093.0918000
36.7900000 13852.1805000
36.8000000 13901.7412000
36.8100000 13546.8073000
36.8200000 14466.6549000
36.8300000 14139.9093000
36.8400000 14074.3728000
36.8500000 14323.7099000
36.8600000 14227.6635000
36.8700000 13827.8596000
36.8800000 14480.2120000
36.8900000 14337.0675000
36.9000000 13948.6023000
36.9100000 14410.8450000
36.9200000 13819.8001000
36.9300000 14101.0511000
36.9400000 14144.3026000
36.9500000 14118.2874000
36.9600000 13919.4938000
36.9700000 13783.4345000
36.9800000 13670.6248000
36.9900000 14093.5062000
37.0000000 13926.9966000
37.0100000 13204.1475000
37.0200000 13848.7556000
37.0300000 13820.4613000
37.0400000 14047.1235000
37.0500000 14008.8387000
37.0600000 13908.7799000
37.0700000 13713.6480000
37.0800000 13753.6840000
37.0900000 14103.5029000
37.1000000 13723.9616000
37.1100000 14000.4292000
37.1200000 13578.6204000
37.1300000 13090.2171000
37.1400000 13447.1394000
37.1500000 13671.5464000
37.1600000 13890.5103000
37.1700000 13949.0961000
37.1800000 13938.5643000
37.1900000 13639.3854000
37.2000000 14050.2699000
37.2100000 14522.1705000
37.2200000 14348.1613000
37.2300000 14031.0809000
37.2400000 14558.4208000
37.2500000 13776.8593000
37.2600000 13662.9877000
37.2700000 13794.5804000
37.2800000 13752.7361000
37.2900000 13760.7396000
37.3000000 14150.8366000
37.3100000 14138.6035000
37.3200000 13918.8431000
37.3300000 13533.9156000
37.3400000 13829.4308000
37.3500000 13457.9760000
37.3600000 13311.9316000
37.3700000 13588.4167000
37.3800000 13789.4679000
37.3900000 13595.1991000
37.4000000 13574.4418000
37.4100000 13882.4820000
37.4200000 14128.3882000
37.4300000 14173.6766000
37.4400000 14220.6192000
37.4500000 13837.6057000
37.4600000 14031.6057000
37.4700000 14363.0392000
37.4800000 14035.8075000
37.4900000 13648.7796000
37.5000000 14027.3330000
37.5100000 14637.7683000
37.5200000 13841.8915000
37.5300000 13856.4946000
37.5400000 13601.7584000
37.5500000 14162.8047000
37.5600000 13758.4269000
37.5700000 13733.9837000
37.5800000 13699.8999000
37.5900000 14003.1326000
37.6000000 14340.9790000
37.6100000 13766.9464000
37.6200000 13653.0783000
37.6300000 13587.3543000
37.6400000 13549.5621000
37.6500000 13735.6158000
37.6600000 13922.9166000
37.6700000 13993.5483000
37.6800000 14030.5241000
37.6900000 13988.7015000
37.7000000 13356.1460000
37.7100000 14359.3256000
37.7200000 13567.8318000
37.7300000 13725.9030000
37.7400000 14370.3634000
37.7500000 14249.7056000
37.7600000 13697.5523000
37.7700000 13415.1735000
37.7800000 14152.5509000
37.7900000 13668.2540000
37.8000000 14005.7707000
37.8100000 13846.1772000
37.8200000 14273.9868000
37.8300000 13538.9389000
37.8400000 14076.0788000
37.8500000 14116.8693000
37.8600000 13246.6924000
37.8700000 13362.1013000
37.8800000 13429.4993000
37.8900000 13995.9883000
37.9000000 13581.2132000
37.9100000 13690.6944000
37.9200000 13204.1839000
37.9300000 13623.4982000
37.9400000 13913.2673000
37.9500000 13967.9702000
37.9600000 13464.5012000
37.9700000 13889.6170000
37.9800000 13497.9648000
37.9900000 13366.0404000
38.0000000 13662.2231000
38.0100000 13326.1666000
38.0200000 13488.5664000
38.0300000 13368.7776000
38.0400000 13469.8121000
38.0500000 13220.4925000
38.0600000 13884.6693000
38.0700000 14136.3787000
38.0800000 13621.6802000
38.0900000 13015.0153000
38.1000000 13000.6454000
38.1100000 14101.8439000
38.1200000 13598.8235000
38.1300000 13547.8177000
38.1400000 13405.1640000
38.1500000 13331.1526000
38.1600000 13536.0531000
38.1700000 13568.8135000
38.1800000 13072.9004000
38.1900000 13738.3216000
38.2000000 13510.4685000
38.2100000 13323.6865000
38.2200000 13377.7202000
38.2300000 13089.8152000
38.2400000 13544.9692000
38.2500000 13826.8737000
38.2600000 13398.3259000
38.2700000 13447.0497000
38.2800000 13708.6878000
38.2900000 13694.1841000
38.3000000 13502.5935000
38.3100000 12912.4044000
38.3200000 13460.1423000
38.3300000 13335.3225000
38.3400000 13072.9290000
38.3500000 13935.0708000
38.3600000 13462.5276000
38.3700000 13477.6451000
38.3800000 13213.2022000
38.3900000 13120.3031000
38.4000000 13629.3840000
38.4100000 13260.4800000
38.4200000 13974.5990000
38.4300000 13815.3635000
38.4400000 13766.2343000
38.4500000 13441.8963000
38.4600000 12965.7618000
38.4700000 12813.2456000
38.4800000 13113.2264000
38.4900000 13678.5857000
38.5000000 13184.1336000
38.5100000 13611.8794000
38.5200000 12957.4108000
38.5300000 13328.9967000
38.5400000 12972.9479000
38.5500000 13619.3020000
38.5600000 13432.5066000
38.5700000 13119.8236000
38.5800000 13476.9124000
38.5900000 13460.5405000
38.6000000 12746.1430000
38.6100000 13280.1974000
38.6200000 13026.2377000
38.6300000 12604.2499000
38.6400000 13501.4752000
38.6500000 13258.5539000
38.6600000 13488.8668000
38.6700000 13150.2842000
38.6800000 13347.4131000
38.6900000 13429.5761000
38.7000000 13305.3671000
38.7100000 13393.8627000
38.7200000 12943.4423000
38.7300000 12784.9414000
38.7400000 13542.3660000
38.7500000 13133.2720000
38.7600000 13135.4510000
38.7700000 13498.1473000
38.7800000 13126.6919000
38.7900000 13385.2301000
38.8000000 13359.1517000
38.8100000 13269.6086000
38.8200000 12940.7781000
38.8300000 13044.2869000
38.8400000 13413.6711000
38.8500000 12934.0607000
38.8600000 13427.2093000
38.8700000 13184.4419000
38.8800000 13079.0711000
38.8900000 12812.9944000
38.9000000 12614.6504000
38.9100000 13334.7616000
38.9200000 13444.6472000
38.9300000 13296.6570000
38.9400000 13102.8344000
38.9500000 12977.6123000
38.9600000 12891.9590000
38.9700000 13357.5452000
38.9800000 13592.3103000
38.9900000 13523.2852000
39.0000000 13409.0240000
39.0100000 13125.5767000
39.0200000 13163.6888000
39.0300000 13293.7935000
39.0400000 13135.1850000
39.0500000 13380.7103000
39.0600000 13440.7166000
39.0700000 13140.6994000
39.0800000 12881.6030000
39.0900000 13323.4448000
39.1000000 13242.9509000
39.1100000 12743.2449000
39.1200000 13270.6040000
39.1300000 13350.1010000
39.1400000 13454.2852000
39.1500000 12707.8058000
39.1600000 12931.8240000
39.1700000 13043.1045000
39.1800000 12900.0690000
39.1900000 13156.9567000
39.2000000 12845.3648000
39.2100000 13237.8263000
39.2200000 13445.5701000
39.2300000 13025.0677000
39.2400000 12923.1949000
39.2500000 13065.0690000
39.2600000 13091.8428000
39.2700000 13317.6163000
39.2800000 12905.5810000
39.2900000 12836.4812000
39.3000000 13437.9368000
39.3100000 13341.1586000
39.3200000 12876.9916000
39.3300000 13061.9273000
39.3400000 12878.6727000
39.3500000 13165.0446000
39.3600000 12799.4385000
39.3700000 13766.8436000
39.3800000 13173.2247000
39.3900000 13370.2504000
39.4000000 12799.2740000
39.4100000 13208.2091000
39.4200000 13393.3330000
39.4300000 13520.6896000
39.4400000 13113.0445000
39.4500000 13335.6188000
39.4600000 12961.4549000
39.4700000 13292.7196000
39.4800000 12830.4181000
39.4900000 13380.5881000
39.5000000 13460.4876000
39.5100000 12997.3262000
39.5200000 12692.7048000
39.5300000 13540.1613000
39.5400000 13438.3248000
39.5500000 13093.5379000
39.5600000 12857.4558000
39.5700000 13043.6872000
39.5800000 13033.3515000
39.5900000 13242.4788000
39.6000000 12809.5690000
39.6100000 13122.8070000
39.6200000 12660.4485000
39.6300000 13099.2417000
39.6400000 13351.8613000
39.6500000 13187.1119000
39.6600000 12655.0758000
39.6700000 13149.0611000
39.6800000 13167.8482000
39.6900000 12857.3770000
39.7000000 13055.6885000
39.7100000 12750.6370000
39.7200000 12925.6327000
39.7300000 12948.1255000
39.7400000 13154.4179000
39.7500000 13822.5481000
39.7600000 12789.3099000
39.7700000 13129.1604000
39.7800000 13046.0953000
39.7900000 13043.3747000
39.8000000 12527.1352000
39.8100000 12159.9636000
39.8200000 12762.8715000
39.8300000 13264.2494000
39.8400000 12939.9180000
39.8500000 12818.4116000
39.8600000 12671.1371000
39.8700000 12560.2774000
39.8800000 12794.5882000
39.8900000 13216.6907000
39.9000000 13022.8038000
39.9100000 13557.2907000
39.9200000 12968.8130000
39.9300000 13075.7179000
39.9400000 13499.3450000
39.9500000 13349.7610000
39.9600000 13173.0491000
39.9700000 12953.8046000
39.9800000 12912.5479000
39.9900000 12995.5266000
40.0000000 13030.6968000
40.0100000 12762.2474000
40.0200000 12902.4044000
40.0300000 12905.7977000
40.0400000 12522.3694000
40.0500000 12778.7669000
40.0600000 12641.7476000
40.0700000 12542.6705000
40.0800000 12590.9047000
40.0900000 12785.2801000
40.1000000 12518.2046000
40.1100000 12705.5524000
40.1200000 12888.5039000
40.1300000 13374.5600000
40.1400000 13117.3368000
40.1500000 12732.2430000
40.1600000 12425.6460000
40.1700000 13259.2008000
40.1800000 12787.6955000
40.1900000 12772.2642000
40.2000000 12990.2170000
40.2100000 12931.9624000
40.2200000 12959.8419000
40.2300000 13335.7221000
40.2400000 12924.8543000
40.2500000 13529.7177000
40.2600000 13234.2778000
40.2700000 12748.9406000
40.2800000 12595.1518000
40.2900000 12882.7529000
40.3000000 12813.9938000
40.3100000 13047.9456000
40.3200000 12949.1457000
40.3300000 12555.0362000
40.3400000 12859.2240000
40.3500000 13063.1909000
40.3600000 13164.7443000
40.3700000 12664.7744000
40.3800000 12970.5015000
40.3900000 12400.3543000
40.4000000 13296.8373000
40.4100000 12910.2407000
40.4200000 12922.2376000
40.4300000 12606.6065000
40.4400000 12793.3503000
40.4500000 13143.3395000
40.4600000 13240.5845000
40.4700000 12934.8379000
40.4800000 12966.3886000
40.4900000 12921.2792000
40.5000000 12361.3449000
40.5100000 12514.7641000
40.5200000 13091.7683000
40.5300000 12844.4348000
40.5400000 13084.0067000
40.5500000 12582.4560000
40.5600000 13050.4019000
40.5700000 12628.7795000
40.5800000 12904.1654000
40.5900000 12463.3214000
40.6000000 12677.6665000
40.6100000 12606.5515000
40.6200000 12903.0050000
40.6300000 12599.4916000
40.6400000 13577.6494000
40.6500000 12738.7756000
40.6600000 12711.9126000
40.6700000 12388.7655000
40.6800000 12691.0247000
40.6900000 13020.2840000
40.7000000 12581.4542000
40.7100000 13093.3765000
40.7200000 12801.5519000
40.7300000 12878.8723000
40.7400000 13063.2344000
40.7500000 12974.3148000
40.7600000 12540.4931000
40.7700000 12651.8991000
40.7800000 12741.5393000
40.7900000 12440.8636000
40.8000000 12419.4152000
40.8100000 12772.0572000
40.8200000 13322.9446000
40.8300000 12891.3556000
40.8400000 12862.5124000
40.8500000 12977.9463000
40.8600000 12950.2230000
40.8700000 12649.4421000
40.8800000 13508.7641000
40.8900000 12830.4299000
40.9000000 12990.6158000
40.9100000 12778.9966000
40.9200000 12208.7411000
40.9300000 12209.4632000
40.9400000 12389.9341000
40.9500000 12221.2154000
40.9600000 12501.6004000
40.9700000 12588.1128000
40.9800000 12381.8403000
40.9900000 12596.9058000
41.0000000 12062.7878000
41.0100000 13173.1498000
41.0200000 12748.1544000
41.0300000 12545.8161000
41.0400000 12554.5355000
41.0500000 12516.0137000
41.0600000 12875.2253000
41.0700000 12742.0853000
41.0800000 12648.1925000
41.0900000 12660.5323000
41.1000000 12568.7961000
41.1100000 12941.5966000
41.1200000 12628.5655000
41.1300000 12668.1251000
41.1400000 12587.7183000
41.1500000 12332.5856000
41.1600000 12889.9680000
41.1700000 12514.2609000
41.1800000 12565.6671000
41.1900000 12371.1439000
41.2000000 12604.8763000
41.2100000 12688.3942000
41.2200000 12358.3452000
41.2300000 12388.2085000
41.2400000 12954.6084000
41.2500000 12694.0049000
41.2600000 12971.4707000
41.2700000 12680.5308000
41.2800000 12281.7684000
41.2900000 12632.7537000
41.3000000 12877.4996000
41.3100000 12620.4037000
41.3200000 12234.6590000
41.3300000 12957.9927000
41.3400000 12295.4855000
41.3500000 12046.6046000
41.3600000 12501.4898000
41.3700000 12799.1216000
41.3800000 13030.6445000
41.3900000 12400.1799000
41.4000000 12812.3234000
41.4100000 12664.9392000
41.4200000 12996.7755000
41.4300000 12922.3763000
41.4400000 12684.5248000
41.4500000 12842.6389000
41.4600000 12857.6328000
41.4700000 12548.3266000
41.4800000 12173.1097000
41.4900000 12506.8499000
41.5000000 12411.2900000
41.5100000 12463.1434000
41.5200000 12047.9820000
41.5300000 12578.4932000
41.5400000 12896.6722000
41.5500000 12305.8846000
41.5600000 12196.9869000
41.5700000 12204.7368000
41.5800000 12594.7935000
41.5900000 12554.3671000
41.6000000 12248.6065000
41.6100000 12285.3630000
41.6200000 12505.4342000
41.6300000 12214.1098000
41.6400000 13019.0437000
41.6500000 12769.4280000
41.6600000 12065.1343000
41.6700000 12247.8727000
41.6800000 12340.0154000
41.6900000 12287.8007000
41.7000000 12635.6967000
41.7100000 12415.0190000
41.7200000 12523.4637000
41.7300000 12995.5551000
41.7400000 12900.7261000
41.7500000 12626.8036000
41.7600000 12245.5974000
41.7700000 12248.2437000
41.7800000 12677.6967000
41.7900000 12614.1154000
41.8000000 12416.1407000
41.8100000 11896.0215000
41.8200000 12258.7940000
41.8300000 12052.1782000
41.8400000 12746.6947000
41.8500000 13124.9832000
41.8600000 12647.4624000
41.8700000 12606.8660000
41.8800000 12272.5265000
41.8900000 12657.1630000
41.9000000 12618.6813000
41.9100000 12315.8135000
41.9200000 12625.4627000
41.9300000 12330.3301000
41.9400000 12699.0480000
41.9500000 12472.0972000
41.9600000 12176.2598000
41.9700000 12607.5323000
41.9800000 12103.1186000
41.9900000 12810.3355000
42.0000000 11955.1653000
42.0100000 12268.7101000
42.0200000 12771.4968000
42.0300000 12441.4154000
42.0400000 12361.1903000
42.0500000 12644.0701000
42.0600000 12093.2766000
42.0700000 12519.6235000
42.0800000 13113.2810000
42.0900000 12310.4340000
42.1000000 12621.8544000
42.1100000 12272.8981000
42.1200000 12153.6082000
42.1300000 12349.4596000
42.1400000 12606.7672000
42.1500000 12631.2739000
42.1600000 12261.5331000
42.1700000 12706.8408000
42.1800000 12754.2235000
42.1900000 12522.9171000
42.2000000 12199.8659000
42.2100000 11975.7497000
42.2200000 12591.7666000
42.2300000 12884.1677000
42.2400000 12097.0826000
42.2500000 12200.2951000
42.2600000 12488.2785000
42.2700000 12523.0321000
42.2800000 12736.0623000
42.2900000 12764.6456000
42.3000000 12193.9962000
42.3100000 12421.5011000
42.3200000 12559.3203000
42.3300000 12595.0163000
42.3400000 12779.4525000
42.3500000 12503.0533000
42.3600000 12536.6435000
42.3700000 12728.9383000
42.3800000 12550.0081000
42.3900000 12549.2867000
42.4000000 12575.2771000
42.4100000 12730.9161000
42.4200000 12591.7255000
42.4300000 12698.4482000
42.4400000 11937.9946000
42.4500000 12212.2103000
42.4600000 11982.4634000
42.4700000 12118.0497000
42.4800000 12916.2797000
42.4900000 12136.1659000
42.5000000 12445.3456000
42.5100000 12157.5264000
42.5200000 12446.2824000
42.5300000 12548.9857000
42.5400000 12167.1439000
42.5500000 12671.2938000
42.5600000 12184.0945000
42.5700000 12574.7737000
42.5800000 12189.6332000
42.5900000 12186.1187000
42.6000000 11987.0087000
42.6100000 12561.2495000
42.6200000 12364.6522000
42.6300000 11829.5389000
42.6400000 12459.5698000
42.6500000 12197.1491000
42.6600000 12702.0616000
42.6700000 12054.7900000
42.6800000 12029.1701000
42.6900000 12471.9037000
42.7000000 11746.2939000
42.7100000 12178.2438000
42.7200000 12194.1718000
42.7300000 12344.5895000
42.7400000 12201.1388000
42.7500000 12364.3002000
42.7600000 12499.7925000
42.7700000 12755.9764000
42.7800000 11952.4516000
42.7900000 12269.1693000
42.8000000 11790.9528000
42.8100000 11900.3939000
42.8200000 12354.1745000
42.8300000 12602.0632000
42.8400000 12471.2207000
42.8500000 12251.6801000
42.8600000 12599.4201000
42.8700000 12007.2693000
42.8800000 12124.0048000
42.8900000 12553.5647000
42.9000000 12236.0491000
42.9100000 12297.3989000
42.9200000 12068.0356000
42.9300000 11736.6452000
42.9400000 12139.1086000
42.9500000 12144.5704000
42.9600000 12036.8444000
42.9700000 11965.5058000
42.9800000 12404.9064000
42.9900000 12133.6947000
43.0000000 12214.7486000
43.0100000 12021.9624000
43.0200000 12045.1897000
43.0300000 11747.8827000
43.0400000 12575.0677000
43.0500000 12572.6354000
43.0600000 12295.7901000
43.0700000 12427.6177000
43.0800000 11890.6194000
43.0900000 11978.9437000
43.1000000 11911.3371000
43.1100000 12225.4724000
43.1200000 12058.6072000
43.1300000 12342.2937000
43.1400000 12294.7133000
43.1500000 12460.0435000
43.1600000 12499.7622000
43.1700000 12044.5355000
43.1800000 12182.6988000
43.1900000 12051.7855000
43.2000000 12158.0519000
43.2100000 12158.3219000
43.2200000 12268.3899000
43.2300000 12735.2091000
43.2400000 11983.9717000
43.2500000 12279.1547000
43.2600000 12451.0584000
43.2700000 12555.4138000
43.2800000 12356.2671000
43.2900000 12144.4451000
43.3000000 11777.1254000
43.3100000 12354.2147000
43.3200000 12040.4010000
43.3300000 12788.8122000
43.3400000 12460.3395000
43.3500000 12441.0724000
43.3600000 12333.4552000
43.3700000 12498.8065000
43.3800000 12138.0582000
43.3900000 12060.6216000
43.4000000 12179.4909000
43.4100000 12204.6687000
43.4200000 12184.4194000
43.4300000 12112.8386000
43.4400000 11940.4357000
43.4500000 11723.2073000
43.4600000 11573.3641000
43.4700000 12287.6816000
43.4800000 12420.9941000
43.4900000 12063.4811000
43.5000000 11926.5624000
43.5100000 12213.0746000
43.5200000 12028.4574000
43.5300000 12237.2133000
43.5400000 12432.6168000
43.5500000 12517.9720000
43.5600000 12111.7961000
43.5700000 12004.7448000
43.5800000 11864.5388000
43.5900000 12444.4186000
43.6000000 12472.0258000
43.6100000 12335.0280000
43.6200000 12245.7160000
43.6300000 12228.9899000
43.6400000 12151.1325000
43.6500000 12177.4024000
43.6600000 12061.0852000
43.6700000 11992.8890000
43.6800000 12194.5076000
43.6900000 12557.8478000
43.7000000 12127.2674000
43.7100000 11984.1360000
43.7200000 11838.4344000
43.7300000 12293.1175000
43.7400000 11871.4346000
43.7500000 11858.4176000
43.7600000 12274.0941000
43.7700000 12092.9230000
43.7800000 12318.6147000
43.7900000 12287.2874000
43.8000000 12312.9186000
43.8100000 12173.7277000
43.8200000 12202.4236000
43.8300000 11926.5940000
43.8400000 11991.7699000
43.8500000 12410.9415000
43.8600000 13001.3545000
43.8700000 11980.7221000
43.8800000 12555.4921000
43.8900000 11939.1817000
43.9000000 11657.3084000
43.9100000 11880.0229000
43.9200000 11869.8029000
43.9300000 11952.8305000
43.9400000 11824.5196000
43.9500000 11874.7821000
43.9600000 12363.1040000
43.9700000 12160.5723000
43.9800000 12217.9695000
43.9900000 12117.4715000
44.0000000 11846.8725000
44.0100000 11981.9582000
44.0200000 11975.7868000
44.0300000 12008.9642000
44.0400000 11825.5839000
44.0500000 11786.8039000
44.0600000 12441.5617000
44.0700000 12443.4605000
44.0800000 12429.4151000
44.0900000 11623.9782000
44.1000000 11901.7201000
44.1100000 11877.4725000
44.1200000 12113.9084000
44.1300000 11609.9393000
44.1400000 12000.7306000
44.1500000 11866.6222000
44.1600000 11689.5791000
44.1700000 11772.2951000
44.1800000 12275.3128000
44.1900000 11464.2991000
44.2000000 12199.8682000
44.2100000 12440.6174000
44.2200000 12421.7062000
44.2300000 11546.0186000
44.2400000 12017.7554000
44.2500000 11921.2951000
44.2600000 11736.5127000
44.2700000 11729.5694000
44.2800000 12539.2651000
44.2900000 12234.4053000
44.3000000 11800.7606000
44.3100000 11684.3716000
44.3200000 11983.5802000
44.3300000 12389.2848000
44.3400000 12179.6198000
44.3500000 12682.9832000
44.3600000 12298.4277000
44.3700000 12213.7123000
44.3800000 11969.9138000
44.3900000 11993.2202000
44.4000000 12241.8989000
44.4100000 12109.6550000
44.4200000 11929.1024000
44.4300000 12204.5420000
44.4400000 11936.2791000
44.4500000 12201.9721000
44.4600000 11703.5220000
44.4700000 11765.4241000
44.4800000 11887.6621000
44.4900000 11492.8555000
44.5000000 11343.0646000
44.5100000 11868.7936000
44.5200000 11865.3440000
44.5300000 12066.2215000
44.5400000 11969.8089000
44.5500000 11963.7362000
44.5600000 12207.0408000
44.5700000 12252.2566000
44.5800000 12138.9000000
44.5900000 12067.1404000
44.6000000 11895.1689000
44.6100000 12174.5079000
44.6200000 12430.8268000
44.6300000 12577.3565000
44.6400000 12336.4787000
44.6500000 12355.3943000
44.6600000 12453.7462000
44.6700000 12657.4236000
44.6800000 12868.2073000
44.6900000 12795.1308000
44.7000000 13211.5781000
44.7100000 13605.5720000
44.7200000 14127.8632000
44.7300000 13968.8615000
44.7400000 14612.2981000
44.7500000 15112.2963000
44.7600000 15243.8583000
44.7700000 15424.5842000
44.7800000 15777.6929000
44.7900000 16340.1751000
44.8000000 16943.1267000
44.8100000 16750.2455000
44.8200000 18058.5331000
44.8300000 17706.4123000
44.8400000 18595.8413000
44.8500000 18157.2563000
44.8600000 18234.2694000
44.8700000 18465.1117000
44.8800000 18159.7730000
44.8900000 18173.7188000
44.9000000 18030.6899000
44.9100000 17571.2263000
44.9200000 17140.3186000
44.9300000 16832.4592000
44.9400000 15791.6681000
44.9500000 15700.4074000
44.9600000 15759.3839000
44.9700000 15348.5009000
44.9800000 14774.7486000
44.9900000 14610.1533000
45.0000000 13527.0150000
45.0100000 13101.2978000
45.0200000 13437.2649000
45.0300000 13182.6799000
45.0400000 12964.2947000
45.0500000 12892.3704000
45.0600000 13144.0818000
45.0700000 12885.4368000
45.0800000 13056.5933000
45.0900000 12984.5541000
45.1000000 12305.8955000
45.1100000 13094.1683000
45.1200000 12756.3288000
45.1300000 12677.7690000
45.1400000 12460.5078000
45.1500000 12809.3961000
45.1600000 12445.2105000
45.1700000 12652.5336000
45.1800000 12497.2491000
45.1900000 12387.9421000
45.2000000 12479.6441000
45.2100000 12453.2559000
45.2200000 12162.4500000
45.2300000 12271.2538000
45.2400000 12165.3236000
45.2500000 12108.1222000
45.2600000 11887.8695000
45.2700000 12098.5204000
45.2800000 11848.6656000
45.2900000 11941.3183000
45.3000000 12229.5192000
45.3100000 12147.3218000
45.3200000 12332.3905000
45.3300000 11847.7498000
45.3400000 11979.3164000
45.3500000 11891.4281000
45.3600000 12004.6544000
45.3700000 11314.4796000
45.3800000 11655.6766000
45.3900000 12152.3456000
45.4000000 12438.4168000
45.4100000 12474.0038000
45.4200000 12270.6773000
45.4300000 11906.7988000
45.4400000 11861.7325000
45.4500000 11688.2823000
45.4600000 11981.4135000
45.4700000 11433.1569000
45.4800000 11589.2212000
45.4900000 11803.9627000
45.5000000 11205.6357000
45.5100000 11862.4790000
45.5200000 11488.6637000
45.5300000 11219.9159000
45.5400000 11750.6112000
45.5500000 11402.2370000
45.5600000 11649.8261000
45.5700000 11777.6687000
45.5800000 11669.3775000
45.5900000 12029.3368000
45.6000000 11845.2909000
45.6100000 12037.8328000
45.6200000 11773.4258000
45.6300000 11322.5140000
45.6400000 11668.4577000
45.6500000 12038.6696000
45.6600000 11731.8130000
45.6700000 11905.7266000
45.6800000 11823.7998000
45.6900000 11771.0752000
45.7000000 11393.5192000
45.7100000 11427.7890000
45.7200000 11532.3251000
45.7300000 11686.3198000
45.7400000 12086.4725000
45.7500000 12192.4832000
45.7600000 11890.0170000
45.7700000 11499.9069000
45.7800000 11307.6122000
45.7900000 12076.5897000
45.8000000 11509.3259000
45.8100000 11650.2499000
45.8200000 11439.2085000
45.8300000 11597.1568000
45.8400000 12383.4412000
45.8500000 11689.0104000
45.8600000 11542.1535000
45.8700000 11859.5342000
45.8800000 12095.3819000
45.8900000 11544.2201000
45.9000000 11946.9853000
45.9100000 12023.9659000
45.9200000 11931.2233000
45.9300000 11386.6605000
45.9400000 11606.9754000
45.9500000 11404.4140000
45.9600000 11927.1459000
45.9700000 11562.5786000
45.9800000 11908.2494000
45.9900000 11506.8884000
46.0000000 11621.7705000
46.0100000 11277.7582000
46.0200000 11410.8793000
46.0300000 11721.9427000
46.0400000 11661.5387000
46.0500000 11859.5625000
46.0600000 12036.4751000
46.0700000 11462.7840000
46.0800000 11879.3903000
46.0900000 11833.7293000
46.1000000 11745.6588000
46.1100000 11369.0843000
46.1200000 11466.2847000
46.1300000 11452.1321000
46.1400000 11775.6587000
46.1500000 11531.4797000
46.1600000 11731.8786000
46.1700000 11600.2424000
46.1800000 11208.0296000
46.1900000 11634.0721000
46.2000000 11243.8130000
46.2100000 11524.3355000
46.2200000 12094.7044000
46.2300000 11349.3400000
46.2400000 11357.6407000
46.2500000 11766.4376000
46.2600000 12038.7179000
46.2700000 11770.1347000
46.2800000 11438.6989000
46.2900000 11798.0621000
46.3000000 12144.3733000
46.3100000 11936.4495000
46.3200000 11737.1264000
46.3300000 11721.9247000
46.3400000 11738.2721000
46.3500000 11882.5700000
46.3600000 11208.1963000
46.3700000 11334.7103000
46.3800000 12086.9048000
46.3900000 12101.0381000
46.4000000 11554.4087000
46.4100000 11475.0861000
46.4200000 11831.6623000
46.4300000 11821.0981000
46.4400000 11561.2323000
46.4500000 11681.4951000
46.4600000 12189.1372000
46.4700000 12014.3504000
46.4800000 11351.8608000
46.4900000 10776.9223000
46.5000000 11745.3076000
46.5100000 11781.0099000
46.5200000 11472.5940000
46.5300000 11653.1550000
46.5400000 11847.8910000
46.5500000 11943.7413000
46.5600000 11549.0756000
46.5700000 11614.5633000
46.5800000 11565.7323000
46.5900000 11641.1958000
46.6000000 11421.2041000
46.6100000 11574.7094000
46.6200000 12084.0404000
46.6300000 11396.0415000
46.6400000 11413.0663000
46.6500000 11810.7508000
46.6600000 11561.9879000
46.6700000 11486.5489000
46.6800000 11703.1504000
46.6900000 11761.9189000
46.7000000 11166.6979000
46.7100000 11656.8517000
46.7200000 11630.6988000
46.7300000 11881.4656000
46.7400000 11718.4102000
46.7500000 11678.2374000
46.7600000 11269.3552000
46.7700000 11377.0115000
46.7800000 11758.2458000
46.7900000 11250.5955000
46.8000000 11662.8014000
46.8100000 11126.0880000
46.8200000 11779.8661000
46.8300000 11722.9135000
46.8400000 11642.7869000
46.8500000 11877.9029000
46.8600000 11257.4619000
46.8700000 11481.9696000
46.8800000 11635.1379000
46.8900000 11594.8280000
46.9000000 11413.7932000
46.9100000 11256.1360000
46.9200000 11323.4215000
46.9300000 11954.7223000
46.9400000 11964.4668000
46.9500000 11265.3592000
46.9600000 11593.2409000
46.9700000 11572.3585000
46.9800000 11302.3893000
46.9900000 11684.7386000
47.0000000 11233.2866000
47.0100000 11850.2988000
47.0200000 11301.2739000
47.0300000 11337.0674000
47.0400000 10781.9077000
47.0500000 11885.1215000
47.0600000 11909.8145000
47.0700000 11937.2091000
47.0800000 11519.9019000
47.0900000 11904.0449000
47.1000000 11356.8459000
47.1100000 11768.1859000
47.1200000 11634.5904000
47.1300000 11358.2519000
47.1400000 11770.3910000
47.1500000 11712.9608000
47.1600000 10724.0646000
47.1700000 11790.6304000
47.1800000 11637.3597000
47.1900000 10946.6837000
47.2000000 11672.8779000
47.2100000 11638.2446000
47.2200000 11519.2218000
47.2300000 11398.0902000
47.2400000 11321.4519000
47.2500000 11500.0559000
47.2600000 11766.0422000
47.2700000 11171.0689000
47.2800000 11839.2568000
47.2900000 11492.2342000
47.3000000 11624.4033000
47.3100000 11483.9967000
47.3200000 11213.8500000
47.3300000 11273.2821000
47.3400000 11399.4911000
47.3500000 11473.1652000
47.3600000 11840.8931000
47.3700000 11725.0127000
47.3800000 11540.7043000
47.3900000 11337.1147000
47.4000000 11341.7700000
47.4100000 11245.9129000
47.4200000 11626.5488000
47.4300000 11774.7213000
47.4400000 11474.2865000
47.4500000 11439.2321000
47.4600000 11562.7436000
47.4700000 11449.6625000
47.4800000 11238.0800000
47.4900000 11230.6476000
47.5000000 11299.8130000
47.5100000 11601.3667000
47.5200000 11994.5666000
47.5300000 11532.5884000
47.5400000 11011.1578000
47.5500000 11149.7888000
47.5600000 11572.5943000
47.5700000 11375.2924000
47.5800000 11220.5568000
47.5900000 11434.1492000
47.6000000 11628.1551000
47.6100000 11229.7748000
47.6200000 11294.3795000
47.6300000 11629.0574000
47.6400000 11696.2126000
47.6500000 11466.0699000
47.6600000 11786.8073000
47.6700000 11016.1899000
47.6800000 11491.6739000
47.6900000 11411.7299000
47.7000000 11136.4475000
47.7100000 11354.4000000
47.7200000 11822.2230000
47.7300000 11665.5444000
47.7400000 11743.1683000
47.7500000 11627.6349000
47.7600000 11403.9728000
47.7700000 11165.6830000
47.7800000 11520.1938000
47.7900000 11517.2140000
47.8000000 11707.7364000
47.8100000 11778.1581000
47.8200000 11242.0914000
47.8300000 11254.5824000
47.8400000 11639.1271000
47.8500000 11294.5057000
47.8600000 11356.8518000
47.8700000 11414.5470000
47.8800000 11219.3302000
47.8900000 11438.4239000
47.9000000 11447.0308000
47.9100000 11610.3437000
47.9200000 11541.1883000
47.9300000 11189.2808000
47.9400000 11310.3149000
47.9500000 10714.8694000
47.9600000 11480.8224000
47.9700000 11903.2363000
47.9800000 11498.7540000
47.9900000 11018.8102000
48.0000000 11781.1793000
48.0100000 12068.2037000
48.0200000 11467.1331000
48.0300000 11784.4446000
48.0400000 11741.6199000
48.0500000 11607.2186000
48.0600000 11677.2166000
48.0700000 11430.5183000
48.0800000 11846.0699000
48.0900000 11628.7287000
48.1000000 11233.1720000
48.1100000 11187.1679000
48.1200000 11666.5578000
48.1300000 11589.3801000
48.1400000 11457.1009000
48.1500000 11338.9244000
48.1600000 11141.6863000
48.1700000 11542.3121000
48.1800000 11315.9175000
48.1900000 11285.6422000
48.2000000 11277.3627000
48.2100000 11341.9947000
48.2200000 11523.5219000
48.2300000 11635.7724000
48.2400000 11105.6284000
48.2500000 11336.8811000
48.2600000 11213.4124000
48.2700000 11498.9793000
48.2800000 11276.5712000
48.2900000 11260.0196000
48.3000000 11696.0722000
48.3100000 11832.2149000
48.3200000 11982.8766000
48.3300000 11867.8100000
48.3400000 11709.9816000
48.3500000 11054.8765000
48.3600000 11703.1060000
48.3700000 11577.3284000
48.3800000 11286.8783000
48.3900000 11729.6908000
48.4000000 11836.6922000
48.4100000 11961.5819000
48.4200000 11844.1489000
48.4300000 11748.9863000
48.4400000 11856.0606000
48.4500000 12073.5672000
48.4600000 11309.7192000
48.4700000 11468.3662000
48.4800000 11636.3396000
48.4900000 11548.8247000
48.5000000 11439.7554000
48.5100000 11617.9591000
48.5200000 11603.0617000
48.5300000 11819.4426000
48.5400000 11116.6423000
48.5500000 11216.9590000
48.5600000 11784.9254000
48.5700000 11436.6017000
48.5800000 11254.6707000
48.5900000 11561.4149000
48.6000000 10894.8903000
48.6100000 11951.4961000
48.6200000 11285.8557000
48.6300000 11583.9012000
48.6400000 11294.8439000
48.6500000 10893.4997000
48.6600000 11331.2608000
48.6700000 11788.4305000
48.6800000 11121.3371000
48.6900000 11208.8501000
48.7000000 11176.2555000
48.7100000 11531.5684000
48.7200000 10846.2754000
48.7300000 11564.5012000
48.7400000 10900.1595000
48.7500000 10995.4991000
48.7600000 11354.4845000
48.7700000 11771.6626000
48.7800000 11393.7742000
48.7900000 11490.8061000
48.8000000 11520.7251000
48.8100000 11729.7796000
48.8200000 11699.1122000
48.8300000 10966.7643000
48.8400000 11176.3016000
48.8500000 11291.7707000
48.8600000 11754.8030000
48.8700000 11216.1830000
48.8800000 11196.0246000
48.8900000 11382.4043000
48.9000000 11539.1546000
48.9100000 11786.1404000
48.9200000 11578.3830000
48.9300000 11117.7423000
48.9400000 11433.2164000
48.9500000 11466.8276000
48.9600000 11587.6819000
48.9700000 12060.3736000
48.9800000 11433.3717000
48.9900000 11573.5113000
49.0000000 11462.1227000
49.0100000 11477.1063000
49.0200000 11388.0835000
49.0300000 10692.1437000
49.0400000 11252.1550000
49.0500000 11479.1962000
49.0600000 11460.1568000
49.0700000 11532.8300000
49.0800000 10950.0482000
49.0900000 11779.1428000
49.1000000 11706.9957000
49.1100000 11364.3809000
49.1200000 11266.2948000
49.1300000 11756.6481000
49.1400000 11909.0238000
49.1500000 11842.7864000
49.1600000 11629.9833000
49.1700000 11948.3240000
49.1800000 11543.0785000
49.1900000 11899.9204000
49.2000000 11936.6069000
49.2100000 11843.2410000
49.2200000 12097.9489000
49.2300000 11902.8137000
49.2400000 11900.0750000
49.2500000 12776.6618000
49.2600000 12586.5461000
49.2700000 12383.1082000
49.2800000 12947.7408000
49.2900000 12725.8955000
49.3000000 12887.8236000
49.3100000 13021.8572000
49.3200000 12767.2565000
49.3300000 13829.6326000
49.3400000 13118.4324000
49.3500000 13284.9567000
49.3600000 13528.0154000
49.3700000 14040.9043000
49.3800000 14056.8448000
49.3900000 14026.9737000
49.4000000 13417.6689000
49.4100000 13369.7750000
49.4200000 13088.2616000
49.4300000 13323.1440000
49.4400000 13257.3570000
49.4500000 12975.0895000
49.4600000 13014.9437000
49.4700000 12112.5223000
49.4800000 12513.9606000
49.4900000 12571.0629000
49.5000000 12066.4070000
49.5100000 12374.5331000
49.5200000 12061.3612000
49.5300000 12153.8527000
49.5400000 11446.3031000
49.5500000 11919.8677000
49.5600000 11229.0903000
49.5700000 11257.9449000
49.5800000 11840.1362000
49.5900000 11639.1185000
49.6000000 11990.9137000
49.6100000 11903.9403000
49.6200000 11908.4190000
49.6300000 11897.2400000
49.6400000 11570.1680000
49.6500000 11548.7843000
49.6600000 11559.8947000
49.6700000 11608.4302000
49.6800000 11330.9686000
49.6900000 11708.0575000
49.7000000 11768.6129000
49.7100000 11753.8055000
49.7200000 11240.0502000
49.7300000 11152.5879000
49.7400000 11297.8901000
49.7500000 11195.9666000
49.7600000 11000.7938000
49.7700000 11031.8358000
49.7800000 11237.3773000
49.7900000 11415.1340000
49.8000000 11748.3155000
49.8100000 11800.7170000
49.8200000 11377.8235000
49.8300000 11369.7228000
49.8400000 11973.2391000
49.8500000 11549.0926000
49.8600000 10995.7400000
49.8700000 11221.2015000
49.8800000 11381.1187000
49.8900000 11230.6204000
49.9000000 11075.5605000
49.9100000 11339.8705000
49.9200000 11563.9876000
49.9300000 11008.5791000
49.9400000 11682.1363000
49.9500000 11181.2708000
49.9600000 11466.6063000
49.9700000 11824.5613000
49.9800000 11866.2360000
49.9900000 11542.2691000
50.0000000 11391.7549000
50.0100000 11331.2431000
50.0200000 11161.0837000
50.0300000 10909.0991000
50.0400000 11313.9279000
50.0500000 11356.3659000
50.0600000 11674.1842000
50.0700000 11104.5222000
50.0800000 11126.1338000
50.0900000 11235.5192000
50.1000000 11572.8091000
50.1100000 11944.5140000
50.1200000 11468.5723000
50.1300000 11260.1895000
50.1400000 11218.6895000
50.1500000 11314.9958000
50.1600000 11894.1862000
50.1700000 11608.1233000
50.1800000 12221.2508000
50.1900000 11433.7174000
50.2000000 11307.1375000
50.2100000 11143.4595000
50.2200000 11763.2410000
50.2300000 11475.5354000
50.2400000 11429.1490000
50.2500000 11593.1796000
50.2600000 11602.8875000
50.2700000 11711.9342000
50.2800000 12042.6378000
50.2900000 11971.8597000
50.3000000 12034.8015000
50.3100000 12054.4973000
50.3200000 12254.1542000
50.3300000 13006.8154000
50.3400000 12415.9891000
50.3500000 12481.5010000
50.3600000 13482.9590000
50.3700000 13565.4198000
50.3800000 13188.2026000
50.3900000 13936.3369000
50.4000000 14344.9649000
50.4100000 14422.2776000
50.4200000 14698.5934000
50.4300000 15250.9664000
50.4400000 14923.3101000
50.4500000 14776.3680000
50.4600000 15951.1951000
50.4700000 16185.0571000
50.4800000 16012.4863000
50.4900000 15696.5774000
50.5000000 15942.3226000
50.5100000 15828.4960000
50.5200000 15633.5717000
50.5300000 15546.6279000
50.5400000 15859.7517000
50.5500000 15478.1212000
50.5600000 14656.7361000
50.5700000 15049.5133000
50.5800000 14777.8835000
50.5900000 14667.3078000
50.6000000 14051.5433000
50.6100000 13711.9004000
50.6200000 13622.0068000
50.6300000 13166.3421000
50.6400000 12547.9774000
50.6500000 12732.1589000
50.6600000 12549.2726000
50.6700000 12209.9722000
50.6800000 11695.8702000
50.6900000 11999.2801000
50.7000000 12314.3748000
50.7100000 11437.2446000
50.7200000 12112.9018000
50.7300000 12222.2351000
50.7400000 12017.7726000
50.7500000 11363.0686000
50.7600000 11028.6936000
50.7700000 11579.3820000
50.7800000 11758.3910000
50.7900000 11482.7356000
50.8000000 10946.7691000
50.8100000 11123.3680000
50.8200000 11471.4445000
50.8300000 11881.7655000
50.8400000 10897.1193000
50.8500000 10941.7566000
50.8600000 10922.7563000
50.8700000 11077.8343000
50.8800000 11603.9065000
50.8900000 11383.9072000
50.9000000 11240.9103000
50.9100000 10740.3478000
50.9200000 11234.6840000
50.9300000 11416.4290000
50.9400000 11259.5377000
50.9500000 11590.3877000
50.9600000 11201.4011000
50.9700000 11153.6094000
50.9800000 10943.4019000
50.9900000 11066.7040000
51.0000000 11011.2894000
51.0100000 11336.0596000
51.0200000 11005.7932000
51.0300000 11068.4599000
51.0400000 11020.9065000
51.0500000 11738.7975000
51.0600000 11305.8670000
51.0700000 11034.7474000
51.0800000 11163.2652000
51.0900000 11440.6952000
51.1000000 11227.2891000
51.1100000 11447.9156000
51.1200000 11160.8994000
51.1300000 11043.6491000
51.1400000 11200.7849000
51.1500000 10493.2931000
51.1600000 10938.0106000
51.1700000 11239.6259000
51.1800000 10566.8967000
51.1900000 11420.7336000
51.2000000 10612.1040000
51.2100000 11363.7176000
51.2200000 10923.9585000
51.2300000 11098.4803000
51.2400000 11450.2008000
51.2500000 11262.5593000
51.2600000 11283.4229000
51.2700000 10925.9993000
51.2800000 11259.8858000
51.2900000 11212.8350000
51.3000000 10876.8973000
51.3100000 11364.9534000
51.3200000 11187.6004000
51.3300000 11279.2224000
51.3400000 11103.6751000
51.3500000 11114.7288000
51.3600000 11262.2320000
51.3700000 11435.5164000
51.3800000 11062.7717000
51.3900000 11254.0263000
51.4000000 11417.1062000
51.4100000 11477.5596000
51.4200000 11119.4360000
51.4300000 10708.6943000
51.4400000 11505.2853000
51.4500000 11220.5063000
51.4600000 10918.9744000
51.4700000 10974.4811000
51.4800000 11801.0225000
51.4900000 11567.5391000
51.5000000 11860.3415000
51.5100000 11563.5704000
51.5200000 11262.9994000
51.5300000 11576.0007000
51.5400000 11309.5744000
51.5500000 11409.8287000
51.5600000 10812.9174000
51.5700000 11346.2348000
51.5800000 11447.8144000
51.5900000 11291.6384000
51.6000000 10908.7997000
51.6100000 10883.5954000
51.6200000 11520.2597000
51.6300000 11142.9108000
51.6400000 10982.0728000
51.6500000 11142.2843000
51.6600000 10783.4959000
51.6700000 11558.9381000
51.6800000 11460.3815000
51.6900000 11217.7908000
51.7000000 11075.0152000
51.7100000 11502.3219000
51.7200000 11051.4784000
51.7300000 10842.1372000
51.7400000 10872.9160000
51.7500000 11257.3073000
51.7600000 10918.2589000
51.7700000 10901.4641000
51.7800000 11440.3358000
51.7900000 11404.4500000
51.8000000 10976.5686000
51.8100000 11390.5894000
51.8200000 11289.3918000
51.8300000 11565.3206000
51.8400000 10835.5311000
51.8500000 11224.2096000
51.8600000 10869.1144000
51.8700000 11276.9239000
51.8800000 11434.2900000
51.8900000 11580.5304000
51.9000000 10750.3911000
51.9100000 11150.7264000
51.9200000 10892.4678000
51.9300000 11367.3528000
51.9400000 11150.0406000
51.9500000 11173.2328000
51.9600000 11151.6235000
51.9700000 10821.6799000
51.9800000 10697.3523000
51.9900000 11220.5508000
52.0000000 10910.0454000
52.0100000 10922.4701000
52.0200000 11418.4609000
52.0300000 11680.1731000
52.0400000 11419.0563000
52.0500000 10955.9082000
52.0600000 11108.3223000
52.0700000 11287.8159000
52.0800000 11465.6644000
52.0900000 11081.7985000
52.1000000 11259.0652000
52.1100000 11140.1259000
52.1200000 11047.2094000
52.1300000 10969.4705000
52.1400000 11138.2067000
52.1500000 11339.1822000
52.1600000 11076.7625000
52.1700000 11296.5964000
52.1800000 10635.1402000
52.1900000 11011.5060000
52.2000000 11133.9727000
52.2100000 11228.2302000
52.2200000 11125.6855000
52.2300000 10770.2133000
52.2400000 11235.2832000
52.2500000 10610.3530000
52.2600000 10897.5515000
52.2700000 10599.2231000
52.2800000 11188.5237000
52.2900000 11132.0625000
52.3000000 10981.5589000
52.3100000 11221.0667000
52.3200000 11368.1403000
52.3300000 10957.9615000
52.3400000 11328.0113000
52.3500000 11420.4537000
52.3600000 11226.8904000
52.3700000 11196.1713000
52.3800000 11261.0417000
52.3900000 10944.3932000
52.4000000 11136.6729000
52.4100000 11813.7004000
52.4200000 11364.6660000
52.4300000 10467.0782000
52.4400000 10991.0213000
52.4500000 11109.9592000
52.4600000 11261.2828000
52.4700000 11091.5607000
52.4800000 11480.0936000
52.4900000 11135.3247000
52.5000000 10832.3937000
52.5100000 10621.2680000
52.5200000 10919.9996000
52.5300000 11063.4394000
52.5400000 11842.1395000
52.5500000 11358.4009000
52.5600000 11037.3261000
52.5700000 11081.2194000
52.5800000 11413.1442000
52.5900000 11211.6576000
52.6000000 11111.9012000
52.6100000 11308.7893000
52.6200000 10805.8603000
52.6300000 11137.6987000
52.6400000 11112.2346000
52.6500000 11039.7365000
52.6600000 11037.5739000
52.6700000 11215.8030000
52.6800000 10673.0683000
52.6900000 11488.2253000
52.7000000 10650.2945000
52.7100000 11509.9187000
52.7200000 10879.3044000
52.7300000 11313.4847000
52.7400000 10816.5910000
52.7500000 11418.4611000
52.7600000 11188.3061000
52.7700000 11330.3863000
52.7800000 11833.4007000
52.7900000 11166.7496000
52.8000000 10944.7848000
52.8100000 11156.5357000
52.8200000 11401.8659000
52.8300000 11634.5087000
52.8400000 11127.8651000
52.8500000 11070.6064000
52.8600000 10900.1401000
52.8700000 11440.8958000
52.8800000 11396.4875000
52.8900000 10944.1482000
52.9000000 11240.5179000
52.9100000 10907.4688000
52.9200000 11071.4306000
52.9300000 10507.0042000
52.9400000 11449.1908000
52.9500000 11768.6082000
52.9600000 10996.0203000
52.9700000 10807.2025000
52.9800000 10915.5308000
52.9900000 11175.3900000
53.0000000 10966.2463000
53.0100000 11198.0184000
53.0200000 11415.8979000
53.0300000 11241.4513000
53.0400000 11199.2963000
53.0500000 11257.7569000
53.0600000 10920.9573000
53.0700000 10545.4836000
53.0800000 10660.8849000
53.0900000 10986.3827000
53.1000000 10918.0204000
53.1100000 11795.5741000
53.1200000 11133.0583000
53.1300000 10807.8847000
53.1400000 11267.9761000
53.1500000 11438.8393000
53.1600000 11078.8033000
53.1700000 11346.1350000
53.1800000 10988.6561000
53.1900000 11296.3294000
53.2000000 11124.4860000
53.2100000 10336.7865000
53.2200000 11051.1831000
53.2300000 10969.0664000
53.2400000 11067.7117000
53.2500000 10984.5171000
53.2600000 10691.7028000
53.2700000 11176.9221000
53.2800000 10712.4084000
53.2900000 10913.8324000
53.3000000 11036.9038000
53.3100000 11677.5254000
53.3200000 11137.9529000
53.3300000 10783.2982000
53.3400000 10481.2536000
53.3500000 10907.8328000
53.3600000 11219.0006000
53.3700000 11574.4084000
53.3800000 11107.3316000
53.3900000 11281.1892000
53.4000000 10897.0995000
53.4100000 10705.4611000
53.4200000 10897.8254000
53.4300000 11267.5831000
53.4400000 11010.2780000
53.4500000 10879.7015000
53.4600000 10903.4899000
53.4700000 11284.6567000
53.4800000 11845.8664000
53.4900000 11302.0206000
53.5000000 10660.0411000
53.5100000 10974.0621000
53.5200000 11216.1355000
53.5300000 11026.4474000
53.5400000 11372.7868000
53.5500000 11146.0823000
53.5600000 10677.8588000
53.5700000 10799.1218000
53.5800000 11198.7960000
53.5900000 10583.1225000
53.6000000 11165.8983000
53.6100000 10654.3847000
53.6200000 10723.0513000
53.6300000 11156.4042000
53.6400000 11000.6243000
53.6500000 11079.5786000
53.6600000 10568.1690000
53.6700000 11032.9334000
53.6800000 10393.6141000
53.6900000 11019.3844000
53.7000000 11244.2902000
53.7100000 10830.3846000
53.7200000 11263.9880000
53.7300000 11050.6770000
53.7400000 10765.8489000
53.7500000 11184.4014000
53.7600000 11307.3159000
53.7700000 11270.5147000
53.7800000 11260.5300000
53.7900000 11483.7794000
53.8000000 11160.0643000
53.8100000 10833.9077000
53.8200000 11054.5397000
53.8300000 11013.3925000
53.8400000 11118.0559000
53.8500000 10716.0889000
53.8600000 10746.4663000
53.8700000 10991.2259000
53.8800000 11095.0631000
53.8900000 11234.6273000
53.9000000 11276.4618000
53.9100000 11310.4704000
53.9200000 11035.7992000
53.9300000 10902.2236000
53.9400000 10837.5353000
53.9500000 11159.6389000
53.9600000 11152.1506000
53.9700000 11064.2216000
53.9800000 11035.5951000
53.9900000 11417.3415000
54.0000000 10943.8898000
54.0100000 10981.6171000
54.0200000 10966.6356000
54.0300000 11323.3116000
54.0400000 10625.2944000
54.0500000 11159.5206000
54.0600000 11196.9475000
54.0700000 11111.4418000
54.0800000 11654.9566000
54.0900000 11566.8135000
54.1000000 10648.6201000
54.1100000 10279.5011000
54.1200000 11070.8935000
54.1300000 10654.6865000
54.1400000 10800.1981000
54.1500000 11125.1482000
54.1600000 11443.5045000
54.1700000 11280.8759000
54.1800000 10994.2954000
54.1900000 11271.5546000
54.2000000 11054.0395000
54.2100000 11008.0678000
54.2200000 11143.1323000
54.2300000 10900.4419000
54.2400000 11520.3488000
54.2500000 11674.8403000
54.2600000 11332.3243000
54.2700000 11157.9220000
54.2800000 11045.6250000
54.2900000 11189.0554000
54.3000000 10840.9064000
54.3100000 11127.3710000
54.3200000 11045.1481000
54.3300000 10828.4592000
54.3400000 10798.3282000
54.3500000 10832.3903000
54.3600000 11189.5182000
54.3700000 11060.1317000
54.3800000 11429.7331000
54.3900000 10927.1359000
54.4000000 10598.1324000
54.4100000 11012.6430000
54.4200000 11507.3773000
54.4300000 10911.3071000
54.4400000 11257.0919000
54.4500000 10744.5461000
54.4600000 10650.2585000
54.4700000 10647.2469000
54.4800000 10731.6510000
54.4900000 10892.0087000
54.5000000 11253.5846000
54.5100000 10994.1294000
54.5200000 10813.1097000
54.5300000 11343.8631000
54.5400000 10911.2669000
54.5500000 11382.5972000
54.5600000 10644.3731000
54.5700000 11153.6180000
54.5800000 10867.7671000
54.5900000 10554.7715000
54.6000000 10842.8650000
54.6100000 11294.0826000
54.6200000 11637.3139000
54.6300000 11193.9469000
54.6400000 11025.6733000
54.6500000 11210.1304000
54.6600000 11334.1652000
54.6700000 11411.4290000
54.6800000 11046.6316000
54.6900000 10877.8864000
54.7000000 10760.1855000
54.7100000 11100.2544000
54.7200000 10878.9267000
54.7300000 11079.8453000
54.7400000 10679.8317000
54.7500000 11207.3018000
54.7600000 11210.6930000
54.7700000 10827.0783000
54.7800000 10693.7332000
54.7900000 10472.3953000
54.8000000 10711.2273000
54.8100000 10661.5692000
54.8200000 11137.5183000
54.8300000 11232.5536000
54.8400000 11206.4035000
54.8500000 11335.2091000
54.8600000 10844.5582000
54.8700000 11577.6563000
54.8800000 11432.5876000
54.8900000 11147.1279000
54.9000000 11327.6634000
54.9100000 11231.5704000
54.9200000 11266.5536000
54.9300000 10605.4409000
54.9400000 10963.9358000
54.9500000 11446.1078000
54.9600000 11314.0192000
54.9700000 11054.8676000
54.9800000 11034.8035000
54.9900000 11029.7953000
55.0000000 10944.7106000
55.0100000 10708.3515000
55.0200000 11156.6788000
55.0300000 11264.6029000
55.0400000 10669.7630000
55.0500000 11056.7821000
55.0600000 11135.7401000
55.0700000 11382.4947000
55.0800000 11221.8334000
55.0900000 11082.3517000
55.1000000 11507.6436000
55.1100000 11645.6632000
55.1200000 11235.8766000
55.1300000 11396.0724000
55.1400000 11113.5427000
55.1500000 11359.6591000
55.1600000 11007.3194000
55.1700000 11186.7469000
55.1800000 10618.2525000
55.1900000 10977.5503000
55.2000000 11210.1047000
55.2100000 10962.9167000
55.2200000 11253.9679000
55.2300000 10784.0247000
55.2400000 11643.9000000
55.2500000 11326.6803000
55.2600000 11303.4340000
55.2700000 11081.6542000
55.2800000 11244.4022000
55.2900000 11240.4340000
55.3000000 10915.2869000
55.3100000 11027.1578000
55.3200000 11357.2602000
55.3300000 11121.0173000
55.3400000 11261.4995000
55.3500000 11330.8763000
55.3600000 11237.8385000
55.3700000 11226.8999000
55.3800000 11190.2085000
55.3900000 10925.8658000
55.4000000 10938.6698000
55.4100000 11394.3302000
55.4200000 10676.0409000
55.4300000 11157.1568000
55.4400000 11143.3750000
55.4500000 11024.3160000
55.4600000 10715.4508000
55.4700000 10632.7646000
55.4800000 11132.1217000
55.4900000 11280.2970000
55.5000000 11405.7145000
55.5100000 11423.0402000
55.5200000 11410.1665000
55.5300000 11196.2063000
55.5400000 10984.8094000
55.5500000 11414.3381000
55.5600000 11296.4233000
55.5700000 10945.3445000
55.5800000 10828.5668000
55.5900000 10874.5518000
55.6000000 11414.9510000
55.6100000 10905.6737000
55.6200000 11247.9132000
55.6300000 11246.9634000
55.6400000 11331.6663000
55.6500000 10980.4288000
55.6600000 11156.7339000
55.6700000 11190.5884000
55.6800000 10785.0705000
55.6900000 10671.0306000
55.7000000 10930.0044000
55.7100000 11241.1618000
55.7200000 11329.5365000
55.7300000 11517.6953000
55.7400000 11116.2820000
55.7500000 10659.0917000
55.7600000 10924.4835000
55.7700000 11251.0857000
55.7800000 11030.7097000
55.7900000 11406.3326000
55.8000000 11062.3683000
55.8100000 10727.9113000
55.8200000 11301.3322000
55.8300000 10963.0693000
55.8400000 10876.5819000
55.8500000 10905.1505000
55.8600000 11041.9224000
55.8700000 11252.3110000
55.8800000 11060.4841000
55.8900000 11582.8962000
55.9000000 10943.1498000
55.9100000 11410.6247000
55.9200000 11312.8772000
55.9300000 11509.8909000
55.9400000 11666.0718000
55.9500000 11282.9198000
55.9600000 11573.1992000
55.9700000 11327.0516000
55.9800000 11147.5118000
55.9900000 10866.2791000
56.0000000 10781.5924000
56.0100000 10906.4823000
56.0200000 11086.5338000
56.0300000 10921.5635000
56.0400000 11419.2512000
56.0500000 10693.7189000
56.0600000 11511.3744000
56.0700000 11572.3396000
56.0800000 11233.8952000
56.0900000 10764.2087000
56.1000000 11322.5713000
56.1100000 11496.5970000
56.1200000 11466.1024000
56.1300000 10888.4834000
56.1400000 10898.4363000
56.1500000 11108.9317000
56.1600000 10890.9617000
56.1700000 10795.5945000
56.1800000 11231.7868000
56.1900000 10922.3286000
56.2000000 11095.5728000
56.2100000 11413.3894000
56.2200000 11748.7213000
56.2300000 10495.8080000
56.2400000 11172.4517000
56.2500000 11755.0269000
56.2600000 10854.6132000
56.2700000 10748.8529000
56.2800000 11422.8882000
56.2900000 11129.5868000
56.3000000 10972.8464000
56.3100000 11125.7894000
56.3200000 10918.5088000
56.3300000 11173.7393000
56.3400000 11438.7281000
56.3500000 11388.4466000
56.3600000 11463.2822000
56.3700000 11502.8798000
56.3800000 11582.3695000
56.3900000 11895.2838000
56.4000000 10946.9439000
56.4100000 10917.7826000
56.4200000 10935.8701000
56.4300000 11616.4703000
56.4400000 11243.8110000
56.4500000 11166.4947000
56.4600000 10866.9027000
56.4700000 11038.9407000
56.4800000 11141.7780000
56.4900000 11747.4915000
56.5000000 11357.8006000
56.5100000 10486.6772000
56.5200000 10941.4930000
56.5300000 11319.7880000
56.5400000 11065.0336000
56.5500000 10907.7742000
56.5600000 11438.3868000
56.5700000 11251.2014000
56.5800000 11082.4673000
56.5900000 10724.6347000
56.6000000 10771.0065000
56.6100000 11342.0492000
56.6200000 11115.1573000
56.6300000 11240.7674000
56.6400000 11158.3151000
56.6500000 11252.4536000
56.6600000 11084.3855000
56.6700000 10462.4063000
56.6800000 11113.1061000
56.6900000 11136.0921000
56.7000000 10926.1258000
56.7100000 10689.8845000
56.7200000 11180.0472000
56.7300000 10994.4933000
56.7400000 11062.4240000
56.7500000 10806.7017000
56.7600000 10673.3938000
56.7700000 10892.0871000
56.7800000 11308.5426000
56.7900000 10978.8497000
56.8000000 11583.3571000
56.8100000 10862.4872000
56.8200000 11150.5450000
56.8300000 10869.3338000
56.8400000 10947.2161000
56.8500000 10860.0171000
56.8600000 10655.8647000
56.8700000 10717.5257000
56.8800000 11394.3747000
56.8900000 11340.0471000
56.9000000 10948.0279000
56.9100000 11122.6371000
56.9200000 10658.1894000
56.9300000 11442.6354000
56.9400000 11175.0650000
56.9500000 10984.0703000
56.9600000 11349.2945000
56.9700000 11350.8734000
56.9800000 11225.2499000
56.9900000 11328.9281000
57.0000000 11025.6743000
57.0100000 10990.2794000
57.0200000 10909.3050000
57.0300000 10928.5568000
57.0400000 10953.9412000
57.0500000 11132.8711000
57.0600000 11197.5716000
57.0700000 11065.3881000
57.0800000 11036.8571000
57.0900000 10917.1518000
57.1000000 11205.8537000
57.1100000 11017.6729000
57.1200000 11082.2425000
57.1300000 11246.4796000
57.1400000 11240.3084000
57.1500000 10886.9928000
57.1600000 10977.2113000
57.1700000 11248.8985000
57.1800000 10691.8277000
57.1900000 11301.5420000
57.2000000 11064.0988000
57.2100000 11327.6795000
57.2200000 11025.4646000
57.2300000 11333.9444000
57.2400000 11007.5861000
57.2500000 11442.9924000
57.2600000 11338.6652000
57.2700000 10897.2409000
57.2800000 11095.1877000
57.2900000 10776.1011000
57.3000000 10992.0614000
57.3100000 11464.6443000
57.3200000 10744.3223000
57.3300000 11535.4082000
57.3400000 11595.5548000
57.3500000 11471.4249000
57.3600000 11167.9585000
57.3700000 11176.9407000
57.3800000 11476.2704000
57.3900000 11246.4393000
57.4000000 11048.7252000
57.4100000 11219.7951000
57.4200000 11045.7457000
57.4300000 10916.8810000
57.4400000 11497.2143000
57.4500000 11498.2153000
57.4600000 11355.5206000
57.4700000 11608.9195000
57.4800000 10983.3732000
57.4900000 11106.2633000
57.5000000 10963.4602000
57.5100000 11257.0461000
57.5200000 10876.0435000
57.5300000 11610.2999000
57.5400000 11228.7653000
57.5500000 11435.2002000
57.5600000 11345.4345000
57.5700000 10637.3453000
57.5800000 10642.0214000
57.5900000 11535.8938000
57.6000000 11247.5290000
57.6100000 11678.8714000
57.6200000 11045.2308000
57.6300000 11387.1666000
57.6400000 11453.2939000
57.6500000 11370.2366000
57.6600000 10906.4078000
57.6700000 10832.5146000
57.6800000 10940.8137000
57.6900000 11205.0343000
57.7000000 11422.2720000
57.7100000 11780.9990000
57.7200000 11663.8456000
57.7300000 11417.8879000
57.7400000 11467.6173000
57.7500000 11473.0840000
57.7600000 11070.9538000
57.7700000 11678.1152000
57.7800000 11420.4794000
57.7900000 11100.4875000
57.8000000 11170.6263000
57.8100000 11688.3288000
57.8200000 11667.3767000
57.8300000 11428.2217000
57.8400000 11029.2117000
57.8500000 11496.6044000
57.8600000 11272.0014000
57.8700000 10533.9401000
57.8800000 11154.1891000
57.8900000 11469.6283000
57.9000000 12028.4595000
57.9100000 11021.5036000
57.9200000 10962.1553000
57.9300000 11082.4323000
57.9400000 10691.8596000
57.9500000 11220.6294000
57.9600000 11101.0024000
57.9700000 11397.2174000
57.9800000 12189.3573000
57.9900000 11269.6084000
58.0000000 10995.6538000
58.0100000 11129.7119000
58.0200000 11127.4144000
58.0300000 10756.4376000
58.0400000 11007.7672000
58.0500000 11071.6958000
58.0600000 10893.8605000
58.0700000 11089.3491000
58.0800000 11347.4222000
58.0900000 10964.9819000
58.1000000 10807.9116000
58.1100000 11090.8664000
58.1200000 11392.2086000
58.1300000 11041.6173000
58.1400000 11205.5211000
58.1500000 11064.3837000
58.1600000 10424.6335000
58.1700000 10872.3442000
58.1800000 11376.0406000
58.1900000 11386.1110000
58.2000000 10995.8194000
58.2100000 11337.5673000
58.2200000 11599.7740000
58.2300000 11097.8486000
58.2400000 11222.6187000
58.2500000 11839.9070000
58.2600000 11277.9137000
58.2700000 11477.1545000
58.2800000 11837.5524000
58.2900000 11580.0120000
58.3000000 11464.1388000
58.3100000 10959.7250000
58.3200000 11488.9072000
58.3300000 11404.5066000
58.3400000 11205.6245000
58.3500000 10865.4725000
58.3600000 11177.0097000
58.3700000 11257.6069000
58.3800000 11432.6333000
58.3900000 11291.1612000
58.4000000 11165.1567000
58.4100000 10834.0411000
58.4200000 11153.6519000
58.4300000 11370.3612000
58.4400000 10793.5597000
58.4500000 11196.6911000
58.4600000 11795.2188000
58.4700000 11424.7078000
58.4800000 11499.4833000
58.4900000 11197.1932000
58.5000000 11065.4236000
58.5100000 11349.1086000
58.5200000 11840.9512000
58.5300000 11669.6739000
58.5400000 11508.8748000
58.5500000 11777.9343000
58.5600000 11798.2331000
58.5700000 12046.8051000
58.5800000 12080.4192000
58.5900000 12172.9526000
58.6000000 12013.0045000
58.6100000 11679.5732000
58.6200000 11934.2858000
58.6300000 11853.3946000
58.6400000 12563.7239000
58.6500000 12428.0365000
58.6600000 12417.0858000
58.6700000 12224.6810000
58.6800000 12346.8593000
58.6900000 12198.3540000
58.7000000 12272.6792000
58.7100000 11570.8564000
58.7200000 11867.8482000
58.7300000 11944.4214000
58.7400000 11599.0372000
58.7500000 11464.6060000
58.7600000 12058.3387000
58.7700000 12268.7526000
58.7800000 11304.3022000
58.7900000 11730.5648000
58.8000000 12018.1302000
58.8100000 11875.9353000
58.8200000 11592.3722000
58.8300000 11343.4538000
58.8400000 11413.1084000
58.8500000 11684.3688000
58.8600000 11286.3029000
58.8700000 11542.6788000
58.8800000 11596.1901000
58.8900000 11297.0523000
58.9000000 11186.5773000
58.9100000 11378.1722000
58.9200000 11910.7358000
58.9300000 11993.6427000
58.9400000 11349.3530000
58.9500000 11250.8840000
58.9600000 11579.0129000
58.9700000 10978.2142000
58.9800000 11087.6297000
58.9900000 11100.7208000
59.0000000 12016.9334000
59.0100000 11445.7748000
59.0200000 11116.3883000
59.0300000 10805.2966000
59.0400000 11002.0760000
59.0500000 11369.1838000
59.0600000 11287.4701000
59.0700000 11172.7244000
59.0800000 11313.1777000
59.0900000 11273.8143000
59.1000000 11347.5699000
59.1100000 11669.4198000
59.1200000 11111.9210000
59.1300000 11153.3738000
59.1400000 11308.4251000
59.1500000 11695.4836000
59.1600000 11358.4530000
59.1700000 10937.6464000
59.1800000 11295.9216000
59.1900000 11423.7217000
59.2000000 11158.3010000
59.2100000 11432.6578000
59.2200000 11606.3972000
59.2300000 11520.3135000
59.2400000 11274.2346000
59.2500000 11342.1813000
59.2600000 11894.4572000
59.2700000 11177.4734000
59.2800000 11244.1468000
59.2900000 11345.0425000
59.3000000 11426.1283000
59.3100000 11217.3132000
59.3200000 10853.0355000
59.3300000 10927.8559000
59.3400000 11430.7570000
59.3500000 11546.4299000
59.3600000 11128.3100000
59.3700000 11603.4995000
59.3800000 11539.2731000
59.3900000 11838.2405000
59.4000000 11436.8235000
59.4100000 11216.3262000
59.4200000 11226.3765000
59.4300000 11197.7290000
59.4400000 11048.9766000
59.4500000 11297.8017000
59.4600000 11629.6016000
59.4700000 11398.0940000
59.4800000 10692.2199000
59.4900000 10944.6634000
59.5000000 11617.2058000
59.5100000 10939.4187000
59.5200000 11112.5305000
59.5300000 11534.3954000
59.5400000 11362.0695000
59.5500000 11427.4081000
59.5600000 11066.9168000
59.5700000 11667.1484000
59.5800000 11316.1128000
59.5900000 11075.3867000
59.6000000 10922.8475000
59.6100000 11635.6798000
59.6200000 11885.8714000
59.6300000 11007.6841000
59.6400000 11396.8659000
59.6500000 10813.4493000
59.6600000 11141.4679000
59.6700000 11294.4807000
59.6800000 11263.8552000
59.6900000 11689.5873000
59.7000000 11213.5672000
59.7100000 11464.4454000
59.7200000 10866.4246000
59.7300000 10721.3914000
59.7400000 10925.5681000
59.7500000 11257.4680000
59.7600000 11244.1075000
59.7700000 11490.0944000
59.7800000 11001.8834000
59.7900000 10979.4619000
59.8000000 11081.4322000
59.8100000 11346.5561000
59.8200000 11536.1944000
59.8300000 11372.3275000
59.8400000 11164.6950000
59.8500000 11780.8782000
59.8600000 11037.7076000
59.8700000 11283.4419000
59.8800000 11321.0603000
59.8900000 11692.1257000
59.9000000 10958.3010000
59.9100000 11206.1113000
59.9200000 11774.8406000
59.9300000 11537.7331000
59.9400000 11131.2810000
59.9500000 11524.7967000
59.9600000 11434.1006000
59.9700000 11085.9689000
59.9800000 11118.4954000
59.9900000 11106.6389000
60.0000000 11989.2784000
60.0100000 11571.6516000
60.0200000 11372.6865000
60.0300000 11900.5969000
60.0400000 11787.7243000
60.0500000 12005.8903000
60.0600000 12010.3216000
60.0700000 11524.7006000
60.0800000 11669.1020000
60.0900000 12693.3206000
60.1000000 12346.0551000
60.1100000 11962.5076000
60.1200000 12639.7249000
60.1300000 12329.4329000
60.1400000 12382.5699000
60.1500000 12853.5447000
60.1600000 13051.3492000
60.1700000 12376.5664000
60.1800000 12884.5850000
60.1900000 13457.8702000
60.2000000 13367.1804000
60.2100000 12879.5303000
60.2200000 13721.3898000
60.2300000 13527.5014000
60.2400000 13387.6604000
60.2500000 13134.7282000
60.2600000 13256.8146000
60.2700000 13203.1863000
60.2800000 13154.1650000
60.2900000 12842.0985000
60.3000000 12689.7654000
60.3100000 12995.3909000
60.3200000 13228.9645000
60.3300000 12716.0797000
60.3400000 12432.8005000
60.3500000 12339.7016000
60.3600000 12862.5259000
60.3700000 12264.1446000
60.3800000 12448.2361000
60.3900000 12209.1149000
60.4000000 12240.3615000
60.4100000 12077.2975000
60.4200000 12298.9934000
60.4300000 11761.4781000
60.4400000 12054.9845000
60.4500000 12221.2370000
60.4600000 11969.1051000
60.4700000 11378.9419000
60.4800000 11512.7469000
60.4900000 11453.4846000
60.5000000 11929.1033000
60.5100000 12013.0698000
60.5200000 11745.1516000
60.5300000 11312.2210000
60.5400000 11654.7955000
60.5500000 11942.8202000
60.5600000 11546.7834000
60.5700000 11511.3187000
60.5800000 11886.6895000
60.5900000 11599.1320000
60.6000000 12007.0109000
60.6100000 11455.2670000
60.6200000 11415.6104000
60.6300000 11849.7366000
60.6400000 11625.3115000
60.6500000 11595.6913000
60.6600000 11295.3683000
60.6700000 11613.2514000
60.6800000 11625.2181000
60.6900000 11534.9010000
60.7000000 11275.6035000
60.7100000 11124.2336000
60.7200000 11810.1901000
60.7300000 11608.8155000
60.7400000 11269.4469000
60.7500000 11476.5129000
60.7600000 11387.7993000
60.7700000 11091.1383000
60.7800000 11911.7915000
60.7900000 10906.8743000
60.8000000 10918.0824000
60.8100000 11046.9364000
60.8200000 11209.5485000
60.8300000 11809.9399000
60.8400000 11141.5958000
60.8500000 11548.4596000
60.8600000 11264.3705000
60.8700000 11867.4057000
60.8800000 11019.7504000
60.8900000 10821.6491000
60.9000000 11185.0165000
60.9100000 11192.2672000
60.9200000 11255.2245000
60.9300000 11272.8730000
60.9400000 11561.9812000
60.9500000 11522.3924000
60.9600000 11435.4983000
60.9700000 11090.6994000
60.9800000 11184.1712000
60.9900000 11657.7707000
61.0000000 11534.9535000
61.0100000 11517.1297000
61.0200000 12090.8193000
61.0300000 11664.9112000
61.0400000 11661.7931000
61.0500000 11294.1925000
61.0600000 11249.6490000
61.0700000 11429.0250000
61.0800000 11477.0218000
61.0900000 11730.0894000
61.1000000 11420.0350000
61.1100000 11579.8557000
61.1200000 11264.8484000
61.1300000 11390.5325000
61.1400000 11780.6496000
61.1500000 11753.2025000
61.1600000 11438.3034000
61.1700000 11315.2763000
61.1800000 11607.0607000
61.1900000 11917.5372000
61.2000000 11188.3293000
61.2100000 10752.3017000
61.2200000 11338.0086000
61.2300000 11127.9532000
61.2400000 11026.4552000
61.2500000 11625.5237000
61.2600000 11817.6878000
61.2700000 11502.4215000
61.2800000 11461.0022000
61.2900000 11305.8961000
61.3000000 10993.4204000
61.3100000 11422.0037000
61.3200000 11199.5972000
61.3300000 11305.4823000
61.3400000 11569.5637000
61.3500000 11531.3764000
61.3600000 11597.0261000
61.3700000 10968.1535000
61.3800000 11518.7261000
61.3900000 11685.8215000
61.4000000 11272.0397000
61.4100000 11650.0829000
61.4200000 11041.1063000
61.4300000 10853.5933000
61.4400000 11378.7489000
61.4500000 11631.0841000
61.4600000 11465.0915000
61.4700000 11294.6029000
61.4800000 11535.6796000
61.4900000 11879.1773000
61.5000000 11790.0202000
61.5100000 11937.2961000
61.5200000 11672.6332000
61.5300000 11973.1148000
61.5400000 12051.6155000
61.5500000 11664.0168000
61.5600000 12116.3935000
61.5700000 11785.0805000
61.5800000 11620.7583000
61.5900000 12708.6113000
61.6000000 11684.8519000
61.6100000 11981.3191000
61.6200000 12288.5964000
61.6300000 12294.7446000
61.6400000 11688.9038000
61.6500000 11799.6391000
61.6600000 12438.4003000
61.6700000 12582.8471000
61.6800000 12697.0665000
61.6900000 12385.8129000
61.7000000 12563.4536000
61.7100000 12101.6429000
61.7200000 12444.2319000
61.7300000 13848.7774000
61.7400000 13341.6399000
61.7500000 13283.6423000
61.7600000 13286.1012000
61.7700000 13545.5318000
61.7800000 13178.1944000
61.7900000 13700.6462000
61.8000000 13603.6382000
61.8100000 13593.9966000
61.8200000 13870.9066000
61.8300000 13858.4559000
61.8400000 13430.1865000
61.8500000 13462.9134000
61.8600000 13493.1072000
61.8700000 12976.6652000
61.8800000 13247.8114000
61.8900000 12869.6381000
61.9000000 13330.7835000
61.9100000 13095.5801000
61.9200000 12911.2582000
61.9300000 12901.1859000
61.9400000 12569.9694000
61.9500000 12549.4662000
61.9600000 12662.8094000
61.9700000 12754.4355000
61.9800000 12368.7947000
61.9900000 12263.8145000
62.0000000 12049.2757000
62.0100000 12284.1416000
62.0200000 12313.4028000
62.0300000 11920.4653000
62.0400000 11956.8075000
62.0500000 11890.6683000
62.0600000 11558.3912000
62.0700000 12007.3629000
62.0800000 12159.0523000
62.0900000 11619.6413000
62.1000000 12415.7950000
62.1100000 11953.6710000
62.1200000 11583.9874000
62.1300000 11961.7887000
62.1400000 11955.0061000
62.1500000 11990.7226000
62.1600000 11967.0340000
62.1700000 11977.9363000
62.1800000 12407.5071000
62.1900000 11884.7774000
62.2000000 11788.0871000
62.2100000 11837.0044000
62.2200000 12848.8653000
62.2300000 12333.8722000
62.2400000 12158.6301000
62.2500000 12263.1361000
62.2600000 11738.2960000
62.2700000 12264.3298000
62.2800000 12108.7280000
62.2900000 12529.7273000
62.3000000 12219.0163000
62.3100000 11878.4174000
62.3200000 11487.3700000
62.3300000 12409.5616000
62.3400000 12228.8504000
62.3500000 12064.3509000
62.3600000 11765.1857000
62.3700000 11894.1574000
62.3800000 12042.8561000
62.3900000 11804.0171000
62.4000000 11643.7172000
62.4100000 12217.1946000
62.4200000 11524.7747000
62.4300000 11742.3595000
62.4400000 11959.4469000
62.4500000 11836.2041000
62.4600000 11772.2965000
62.4700000 11749.7818000
62.4800000 12140.5518000
62.4900000 11510.5387000
62.5000000 11674.2671000
62.5100000 11473.1385000
62.5200000 11155.4368000
62.5300000 11755.9250000
62.5400000 11730.5605000
62.5500000 11356.9351000
62.5600000 11439.4539000
62.5700000 11716.4730000
62.5800000 11364.9101000
62.5900000 11466.0623000
62.6000000 10837.9252000
62.6100000 10943.8200000
62.6200000 11597.9922000
62.6300000 11675.8955000
62.6400000 11517.9953000
62.6500000 11453.2812000
62.6600000 11649.9700000
62.6700000 11606.5285000
62.6800000 11753.9410000
62.6900000 11816.0507000
62.7000000 11106.5201000
62.7100000 11515.9325000
62.7200000 11623.1663000
62.7300000 11530.4230000
62.7400000 11103.0230000
62.7500000 11446.5009000
62.7600000 11898.9126000
62.7700000 11828.0675000
62.7800000 11615.0828000
62.7900000 11164.2247000
62.8000000 11061.6124000
62.8100000 10790.4827000
62.8200000 11552.3823000
62.8300000 11655.5327000
62.8400000 11520.6410000
62.8500000 11846.9699000
62.8600000 11920.2675000
62.8700000 11727.6007000
62.8800000 11070.5990000
62.8900000 11255.1390000
62.9000000 11504.4197000
62.9100000 11386.1288000
62.9200000 11306.5441000
62.9300000 11773.0270000
62.9400000 11425.7687000
62.9500000 11606.7472000
62.9600000 11787.1758000
62.9700000 11180.7841000
62.9800000 12022.5866000
62.9900000 11775.6120000
63.0000000 11518.1943000
63.0100000 11567.5496000
63.0200000 11642.9406000
63.0300000 11695.4569000
63.0400000 11509.0801000
63.0500000 11877.3250000
63.0600000 11333.3482000
63.0700000 11393.8133000
63.0800000 11426.3037000
63.0900000 11500.8778000
63.1000000 11497.0422000
63.1100000 11564.0977000
63.1200000 11523.6078000
63.1300000 11745.4712000
63.1400000 11462.6145000
63.1500000 11174.8447000
63.1600000 11442.4651000
63.1700000 11717.8757000
63.1800000 11478.3462000
63.1900000 11491.6725000
63.2000000 11585.4245000
63.2100000 11884.9936000
63.2200000 11600.2955000
63.2300000 11454.9336000
63.2400000 11510.5400000
63.2500000 12091.8688000
63.2600000 11906.5191000
63.2700000 11271.4872000
63.2800000 11826.1818000
63.2900000 12422.5566000
63.3000000 11921.3946000
63.3100000 12216.8760000
63.3200000 11766.6893000
63.3300000 12131.9206000
63.3400000 11966.6305000
63.3500000 12071.0426000
63.3600000 11561.8067000
63.3700000 11784.8098000
63.3800000 11913.9471000
63.3900000 11420.1068000
63.4000000 11485.7572000
63.4100000 11817.0959000
63.4200000 11661.2774000
63.4300000 11678.0868000
63.4400000 11586.1115000
63.4500000 12097.7383000
63.4600000 11476.9140000
63.4700000 11952.6963000
63.4800000 11794.4595000
63.4900000 11751.2283000
63.5000000 11635.1746000
63.5100000 11363.9928000
63.5200000 11395.2096000
63.5300000 11609.0942000
63.5400000 11430.1031000
63.5500000 11776.0587000
63.5600000 11499.8279000
63.5700000 11954.6864000
63.5800000 11445.0305000
63.5900000 11304.0021000
63.6000000 11945.7021000
63.6100000 11581.0513000
63.6200000 11568.5288000
63.6300000 11595.7265000
63.6400000 11705.0956000
63.6500000 11618.8242000
63.6600000 11638.9984000
63.6700000 12042.6219000
63.6800000 11726.1236000
63.6900000 11011.4615000
63.7000000 11718.7055000
63.7100000 11743.2907000
63.7200000 11860.8632000
63.7300000 11623.6391000
63.7400000 11975.8502000
63.7500000 11892.1676000
63.7600000 11791.5898000
63.7700000 11864.6126000
63.7800000 11597.2295000
63.7900000 12061.9497000
63.8000000 11504.2587000
63.8100000 11873.1920000
63.8200000 11439.2743000
63.8300000 11717.2670000
63.8400000 11075.1640000
63.8500000 11554.3152000
63.8600000 11869.7253000
63.8700000 12149.1597000
63.8800000 11519.7860000
63.8900000 11836.9838000
63.9000000 11773.0593000
63.9100000 11845.8202000
63.9200000 11096.1833000
63.9300000 11546.5261000
63.9400000 11424.0901000
63.9500000 11771.4732000
63.9600000 11897.4384000
63.9700000 11455.5382000
63.9800000 12077.1118000
63.9900000 11200.8364000
64.0000000 11998.4816000
64.0100000 12186.4094000
64.0200000 12154.3559000
64.0300000 11640.8638000
64.0400000 11954.5936000
64.0500000 11705.6107000
64.0600000 11736.3373000
64.0700000 11907.4353000
64.0800000 11883.1282000
64.0900000 12337.4653000
64.1000000 12253.6145000
64.1100000 11831.8700000
64.1200000 11192.9571000
64.1300000 12364.1097000
64.1400000 11839.9269000
64.1500000 12118.8212000
64.1600000 11594.0804000
64.1700000 11792.8042000
64.1800000 11864.3435000
64.1900000 11984.6405000
64.2000000 11807.4431000
64.2100000 11687.7144000
64.2200000 11398.3910000
64.2300000 11797.9037000
64.2400000 12541.9939000
64.2500000 12214.7753000
64.2600000 11999.5214000
64.2700000 11881.2910000
64.2800000 12200.9758000
64.2900000 11447.2118000
64.3000000 11483.5382000
64.3100000 11749.7720000
64.3200000 11949.7038000
64.3300000 12177.0276000
64.3400000 11936.1887000
64.3500000 11622.6576000
64.3600000 11497.8012000
64.3700000 11578.0906000
64.3800000 11513.3601000
64.3900000 11805.3652000
64.4000000 12016.9162000
64.4100000 11952.3741000
64.4200000 11551.6415000
64.4300000 11594.0368000
64.4400000 11535.6549000
64.4500000 11420.4115000
64.4600000 11239.9572000
64.4700000 11163.9470000
64.4800000 11847.8073000
64.4900000 11770.3719000
64.5000000 12149.9626000
64.5100000 11669.7669000
64.5200000 11540.0483000
64.5300000 11322.7149000
64.5400000 11731.6843000
64.5500000 11348.3648000
64.5600000 11526.7899000
64.5700000 11838.1434000
64.5800000 11654.3851000
64.5900000 12422.9829000
64.6000000 11700.3786000
64.6100000 11618.0339000
64.6200000 11426.9844000
64.6300000 11810.8932000
64.6400000 11953.0350000
64.6500000 11893.1712000
64.6600000 11791.3640000
64.6700000 11951.1146000
64.6800000 11685.6417000
64.6900000 11937.4768000
64.7000000 11621.7258000
64.7100000 12185.0067000
64.7200000 11468.2821000
64.7300000 11846.9625000
64.7400000 11826.9317000
64.7500000 11552.5109000
64.7600000 11819.9998000
64.7700000 11719.9157000
64.7800000 11951.8186000
64.7900000 12254.0624000
64.8000000 12171.3597000
64.8100000 11407.0629000
64.8200000 11714.2695000
64.8300000 11690.0895000
64.8400000 11936.8109000
64.8500000 12195.7010000
64.8600000 11681.3365000
64.8700000 11982.5910000
64.8800000 11798.4072000
64.8900000 12009.5315000
64.9000000 11987.1069000
64.9100000 11825.4122000
64.9200000 11662.8357000
64.9300000 12037.7779000
64.9400000 11910.2192000
64.9500000 11932.3998000
64.9600000 11904.2242000
64.9700000 11936.0911000
64.9800000 11917.8329000
64.9900000 11938.8305000
65.0000000 11707.4348000
65.0100000 12174.6623000
65.0200000 11587.0476000
65.0300000 12353.5179000
65.0400000 11694.6347000
65.0500000 12018.3179000
65.0600000 11904.7732000
65.0700000 11670.9724000
65.0800000 12043.3101000
65.0900000 11925.0976000
65.1000000 11578.5703000
65.1100000 11921.1695000
65.1200000 11726.4117000
65.1300000 11767.7145000
65.1400000 12163.5130000
65.1500000 12135.8594000
65.1600000 11878.9333000
65.1700000 11755.4439000
65.1800000 11494.6627000
65.1900000 11729.4230000
65.2000000 11984.9050000
65.2100000 11566.2038000
65.2200000 12032.0481000
65.2300000 12295.4653000
65.2400000 11807.6409000
65.2500000 11819.7294000
65.2600000 11634.0570000
65.2700000 12143.1143000
65.2800000 12148.4049000
65.2900000 12173.5876000
65.3000000 12124.2742000
65.3100000 12081.6294000
65.3200000 11800.9213000
65.3300000 11498.1339000
65.3400000 11821.2181000
65.3500000 11955.5687000
65.3600000 11640.4121000
65.3700000 11627.2268000
65.3800000 11817.1262000
65.3900000 12020.1050000
65.4000000 12008.3543000
65.4100000 11309.4492000
65.4200000 11626.0732000
65.4300000 11508.6692000
65.4400000 11985.8149000
65.4500000 12337.8446000
65.4600000 11699.4140000
65.4700000 11831.2877000
65.4800000 11662.1801000
65.4900000 11814.7430000
65.5000000 11886.9766000
65.5100000 12054.0311000
65.5200000 11836.1656000
65.5300000 11360.8861000
65.5400000 12124.7340000
65.5500000 11501.1711000
65.5600000 12010.1084000
65.5700000 11609.2011000
65.5800000 11725.5945000
65.5900000 11513.7317000
65.6000000 11540.3163000
65.6100000 11570.7624000
65.6200000 11862.9204000
65.6300000 11670.8327000
65.6400000 12146.7769000
65.6500000 12196.8523000
65.6600000 12169.0862000
65.6700000 11617.0807000
65.6800000 12106.0585000
65.6900000 11991.6667000
65.7000000 12127.0601000
65.7100000 11918.0481000
65.7200000 11910.2560000
65.7300000 11724.2168000
65.7400000 11622.5984000
65.7500000 11861.8388000
65.7600000 12010.2489000
65.7700000 12084.0180000
65.7800000 12355.0901000
65.7900000 11970.6219000
65.8000000 12231.3909000
65.8100000 11761.4174000
65.8200000 11434.9421000
65.8300000 12073.0579000
65.8400000 11939.0377000
65.8500000 11826.9225000
65.8600000 12029.9484000
65.8700000 11673.8421000
65.8800000 12209.2965000
65.8900000 12057.2772000
65.9000000 12149.3836000
65.9100000 11999.9905000
65.9200000 12177.7560000
65.9300000 11619.9814000
65.9400000 11514.4249000
65.9500000 12251.9572000
65.9600000 12136.0725000
65.9700000 11945.9961000
65.9800000 12143.5099000
65.9900000 11436.7322000
66.0000000 11754.5545000
66.0100000 11817.3584000
66.0200000 11894.6345000
66.0300000 11895.3730000
66.0400000 11718.7469000
66.0500000 12451.8245000
66.0600000 12681.3965000
66.0700000 12277.2344000
66.0800000 12030.1492000
66.0900000 11788.5228000
66.1000000 12164.3445000
66.1100000 12033.7583000
66.1200000 12199.3919000
66.1300000 11896.1749000
66.1400000 11848.4319000
66.1500000 11592.6498000
66.1600000 11696.7811000
66.1700000 11977.2570000
66.1800000 11880.5463000
66.1900000 11737.1704000
66.2000000 11650.3130000
66.2100000 11946.1136000
66.2200000 12726.1261000
66.2300000 12251.5076000
66.2400000 12354.5631000
66.2500000 12175.6229000
66.2600000 12014.0010000
66.2700000 12202.8647000
66.2800000 11856.9764000
66.2900000 11681.9695000
66.3000000 12561.1303000
66.3100000 12363.3981000
66.3200000 12037.3670000
66.3300000 11937.9954000
66.3400000 12049.3263000
66.3500000 12489.6837000
66.3600000 11756.7386000
66.3700000 11801.3494000
66.3800000 12103.8639000
66.3900000 12182.8135000
66.4000000 12252.2812000
66.4100000 12181.4290000
66.4200000 12432.6140000
66.4300000 12136.8365000
66.4400000 12193.6645000
66.4500000 12254.7307000
66.4600000 12020.1668000
66.4700000 11901.4526000
66.4800000 12168.0334000
66.4900000 12149.4222000
66.5000000 11613.6159000
66.5100000 11714.1767000
66.5200000 11370.0041000
66.5300000 11898.7720000
66.5400000 12158.9953000
66.5500000 12177.0919000
66.5600000 12113.1244000
66.5700000 12303.5365000
66.5800000 12078.0489000
66.5900000 12102.3140000
66.6000000 12075.3324000
66.6100000 11970.2007000
66.6200000 12105.9430000
66.6300000 11951.0965000
66.6400000 12671.2743000
66.6500000 12282.0728000
66.6600000 12442.0703000
66.6700000 11643.3961000
66.6800000 12075.3026000
66.6900000 11904.7712000
66.7000000 12248.7228000
66.7100000 12078.1209000
66.7200000 12112.1976000
66.7300000 11733.5328000
66.7400000 11761.0917000
66.7500000 12283.1129000
66.7600000 12084.6982000
66.7700000 12595.4114000
66.7800000 11965.2503000
66.7900000 12136.7957000
66.8000000 12011.4898000
66.8100000 12048.9981000
66.8200000 11880.8870000
66.8300000 12539.9048000
66.8400000 11886.7722000
66.8500000 11848.2684000
66.8600000 12155.9445000
66.8700000 12090.2021000
66.8800000 11746.3621000
66.8900000 12592.8821000
66.9000000 12986.2459000
66.9100000 12366.5054000
66.9200000 12364.0277000
66.9300000 12304.3575000
66.9400000 11805.4920000
66.9500000 11830.6730000
66.9600000 11872.5641000
66.9700000 12195.9940000
66.9800000 12019.7438000
66.9900000 12083.9828000
67.0000000 11926.4713000
67.0100000 12236.4230000
67.0200000 12519.2304000
67.0300000 12399.3925000
67.0400000 12497.2913000
67.0500000 12210.9699000
67.0600000 12392.6197000
67.0700000 11745.7532000
67.0800000 11816.7163000
67.0900000 11913.3255000
67.1000000 12310.7191000
67.1100000 11916.5036000
67.1200000 12465.2767000
67.1300000 11650.3823000
67.1400000 11857.1401000
67.1500000 11699.9799000
67.1600000 12369.6202000
67.1700000 12048.0966000
67.1800000 12075.6765000
67.1900000 11835.7595000
67.2000000 12197.4910000
67.2100000 11942.8483000
67.2200000 11512.7576000
67.2300000 11767.3498000
67.2400000 12144.7058000
67.2500000 12340.9291000
67.2600000 12502.8026000
67.2700000 12166.2930000
67.2800000 12076.9197000
67.2900000 12602.9029000
67.3000000 12145.4486000
67.3100000 11962.1353000
67.3200000 12330.5954000
67.3300000 12334.8538000
67.3400000 12436.2146000
67.3500000 12499.9550000
67.3600000 12231.9985000
67.3700000 12363.1363000
67.3800000 12236.8062000
67.3900000 11839.5020000
67.4000000 11556.1818000
67.4100000 12340.0701000
67.4200000 12768.6405000
67.4300000 11733.6552000
67.4400000 11937.1048000
67.4500000 11845.1179000
67.4600000 12179.3098000
67.4700000 11818.9573000
67.4800000 12399.7712000
67.4900000 12538.6361000
67.5000000 11714.4964000
67.5100000 12321.8593000
67.5200000 12084.8126000
67.5300000 13011.9078000
67.5400000 12654.5128000
67.5500000 12092.6745000
67.5600000 11933.4544000
67.5700000 12149.6758000
67.5800000 11971.8598000
67.5900000 12349.2859000
67.6000000 12074.1745000
67.6100000 11892.3004000
67.6200000 11861.9387000
67.6300000 12494.0983000
67.6400000 11963.8461000
67.6500000 12486.0990000
67.6600000 12192.5914000
67.6700000 12292.2275000
67.6800000 12370.0332000
67.6900000 12405.2814000
67.7000000 11998.0011000
67.7100000 11677.9388000
67.7200000 12340.1258000
67.7300000 13199.2615000
67.7400000 12318.8720000
67.7500000 12912.6396000
67.7600000 11893.9369000
67.7700000 12090.9032000
67.7800000 12508.8565000
67.7900000 11946.8480000
67.8000000 11960.8928000
67.8100000 12381.2599000
67.8200000 12105.6431000
67.8300000 12367.6496000
67.8400000 12822.4551000
67.8500000 12293.5090000
67.8600000 12260.8253000
67.8700000 12757.9522000
67.8800000 11575.0584000
67.8900000 12645.9660000
67.9000000 12406.7176000
67.9100000 12242.9119000
67.9200000 12002.2855000
67.9300000 12179.8973000
67.9400000 12067.6860000
67.9500000 11851.3258000
67.9600000 11727.8603000
67.9700000 11446.7045000
67.9800000 11645.6593000
67.9900000 12303.0670000
68.0000000 12512.8817000
68.0100000 12588.7029000
68.0200000 11938.8920000
68.0300000 12238.8894000
68.0400000 11763.0469000
68.0500000 11995.8661000
68.0600000 12037.4588000
68.0700000 12604.9788000
68.0800000 12549.4972000
68.0900000 12404.6508000
68.1000000 11808.6334000
68.1100000 12635.0279000
68.1200000 12092.4366000
68.1300000 12428.7411000
68.1400000 12010.1297000
68.1500000 12698.8705000
68.1600000 11882.1242000
68.1700000 12307.0216000
68.1800000 12323.6711000
68.1900000 12842.2987000
68.2000000 12212.0260000
68.2100000 12286.2059000
68.2200000 12718.0621000
68.2300000 11960.4352000
68.2400000 12337.6336000
68.2500000 12240.0838000
68.2600000 12313.7619000
68.2700000 12565.5071000
68.2800000 12536.7858000
68.2900000 12164.5426000
68.3000000 12844.4474000
68.3100000 12394.3166000
68.3200000 12291.4625000
68.3300000 12358.7295000
68.3400000 12357.0030000
68.3500000 12272.7765000
68.3600000 12461.2905000
68.3700000 12496.0395000
68.3800000 12804.7515000
68.3900000 12517.1099000
68.4000000 12000.6245000
68.4100000 11918.2995000
68.4200000 11903.2922000
68.4300000 12398.9626000
68.4400000 12746.2037000
68.4500000 12063.7861000
68.4600000 12133.3351000
68.4700000 12339.5373000
68.4800000 11657.1253000
68.4900000 12350.2070000
68.5000000 12428.2799000
68.5100000 12275.4448000
68.5200000 12448.0807000
68.5300000 11813.4290000
68.5400000 12414.8290000
68.5500000 12356.6234000
68.5600000 12299.9638000
68.5700000 12402.3661000
68.5800000 11703.2907000
68.5900000 12526.7087000
68.6000000 12767.2738000
68.6100000 12513.0429000
68.6200000 12749.7874000
68.6300000 12524.6756000
68.6400000 12092.4555000
68.6500000 12114.0251000
68.6600000 11925.5439000
68.6700000 12287.9613000
68.6800000 12080.6740000
68.6900000 11995.7800000
68.7000000 12357.3498000
68.7100000 12583.2799000
68.7200000 12573.5143000
68.7300000 11935.3100000
68.7400000 13025.7622000
68.7500000 12492.8656000
68.7600000 12296.7151000
68.7700000 12706.7154000
68.7800000 12578.9673000
68.7900000 12762.1073000
68.8000000 12293.3340000
68.8100000 12632.7722000
68.8200000 12839.0880000
68.8300000 12570.5224000
68.8400000 12708.0355000
68.8500000 12399.4518000
68.8600000 12594.7072000
68.8700000 12324.7356000
68.8800000 12460.3882000
68.8900000 12752.0548000
68.9000000 12364.5307000
68.9100000 12623.5398000
68.9200000 12575.2446000
68.9300000 12761.2302000
68.9400000 12719.9507000
68.9500000 12484.5546000
68.9600000 12873.7762000
68.9700000 11942.3087000
68.9800000 12326.8430000
68.9900000 11973.2332000
69.0000000 12403.6722000
69.0100000 12566.7143000
69.0200000 12050.2146000
69.0300000 12986.9852000
69.0400000 12514.7242000
69.0500000 12163.6447000
69.0600000 11925.0969000
69.0700000 12736.9191000
69.0800000 13046.6679000
69.0900000 12538.3609000
69.1000000 12631.5935000
69.1100000 12799.2907000
69.1200000 12347.9282000
69.1300000 12372.3961000
69.1400000 12889.7868000
69.1500000 12363.1840000
69.1600000 12397.6212000
69.1700000 12889.7910000
69.1800000 12787.9479000
69.1900000 12814.1688000
69.2000000 12736.8143000
69.2100000 12892.3776000
69.2200000 12802.0729000
69.2300000 12229.6575000
69.2400000 12291.3381000
69.2500000 12661.0936000
69.2600000 12814.4492000
69.2700000 12657.2583000
69.2800000 12568.4405000
69.2900000 12759.7448000
69.3000000 12714.7886000
69.3100000 12446.0792000
69.3200000 12056.4532000
69.3300000 12432.0295000
69.3400000 12065.1956000
69.3500000 12757.9256000
69.3600000 12322.1538000
69.3700000 12132.4990000
69.3800000 11867.2842000
69.3900000 12148.2307000
69.4000000 11808.2795000
69.4100000 12287.4108000
69.4200000 12853.4814000
69.4300000 12821.3772000
69.4400000 12499.9191000
69.4500000 12373.1842000
69.4600000 12778.5590000
69.4700000 12736.2600000
69.4800000 12819.4895000
69.4900000 12479.9205000
69.5000000 12509.9655000
69.5100000 12470.6787000
69.5200000 12595.9896000
69.5300000 12677.3631000
69.5400000 12783.6418000
69.5500000 13061.0549000
69.5600000 12519.7047000
69.5700000 12630.7346000
69.5800000 12985.5200000
69.5900000 12821.3391000
69.6000000 12307.5358000
69.6100000 13172.0609000
69.6200000 13414.3989000
69.6300000 12872.9459000
69.6400000 13255.6652000
69.6500000 12942.0150000
69.6600000 13112.1142000
69.6700000 13681.0580000
69.6800000 13954.6580000
69.6900000 13323.1596000
69.7000000 13641.9401000
69.7100000 13570.3254000
69.7200000 13760.4388000
69.7300000 15024.6367000
69.7400000 14223.5825000
69.7500000 14261.6870000
69.7600000 14447.6613000
69.7700000 14922.1302000
69.7800000 14346.0472000
69.7900000 14905.0171000
69.8000000 14972.0216000
69.8100000 14822.1370000
69.8200000 14805.4938000
69.8300000 14267.8538000
69.8400000 14806.0498000
69.8500000 15202.6378000
69.8600000 14391.8777000
69.8700000 14877.0581000
69.8800000 14274.6085000
69.8900000 15117.0604000
69.9000000 14604.8512000
69.9100000 14631.6686000
69.9200000 14452.0249000
69.9300000 14198.6729000
69.9400000 13998.5374000
69.9500000 14569.9470000
69.9600000 13912.6454000
69.9700000 13434.8368000
69.9800000 13547.6687000
69.9900000 13806.4666000
70.0000000 13470.7405000
70.0100000 13699.3923000
70.0200000 13297.8335000
70.0300000 13118.7976000
70.0400000 13555.9626000
70.0500000 13050.4908000
70.0600000 13144.5223000
70.0700000 12811.8012000
70.0800000 13373.1038000
70.0900000 12929.6054000
70.1000000 12515.5106000
70.1100000 12792.3526000
70.1200000 13053.9178000
70.1300000 13069.7774000
70.1400000 12832.4590000
70.1500000 13363.3247000
70.1600000 13427.6650000
70.1700000 13287.9525000
70.1800000 12781.7645000
70.1900000 12809.4219000
70.2000000 12902.6478000
70.2100000 13160.4978000
70.2200000 12616.4271000
70.2300000 12333.3865000
70.2400000 12416.1125000
70.2500000 13082.3612000
70.2600000 13005.2917000
70.2700000 12754.7585000
70.2800000 12915.2722000
70.2900000 12976.7078000
70.3000000 12835.0067000
70.3100000 12573.9123000
70.3200000 12847.6878000
70.3300000 13338.3666000
70.3400000 13070.3853000
70.3500000 12076.8199000
70.3600000 13009.8097000
70.3700000 12295.1503000
70.3800000 12163.9406000
70.3900000 12786.3082000
70.4000000 13559.7216000
70.4100000 12631.6162000
70.4200000 12410.2526000
70.4300000 12571.1651000
70.4400000 13140.9507000
70.4500000 12245.2532000
70.4600000 12225.4908000
70.4700000 12921.5732000
70.4800000 12605.5664000
70.4900000 12560.1964000
70.5000000 12778.7223000
70.5100000 12491.2344000
70.5200000 12329.0543000
70.5300000 12779.4518000
70.5400000 12107.9690000
70.5500000 12587.1240000
70.5600000 12993.5183000
70.5700000 13007.9567000
70.5800000 13126.9506000
70.5900000 12782.2090000
70.6000000 12463.1086000
70.6100000 12655.0115000
70.6200000 12321.1495000
70.6300000 12443.9873000
70.6400000 12730.5496000
70.6500000 13328.7745000
70.6600000 12365.0817000
70.6700000 12986.9603000
70.6800000 13326.5243000
70.6900000 12584.8987000
70.7000000 12695.1151000
70.7100000 12743.2660000
70.7200000 12710.5425000
70.7300000 12411.8699000
70.7400000 12821.8312000
70.7500000 12887.0537000
70.7600000 13091.4955000
70.7700000 12664.8777000
70.7800000 12958.0660000
70.7900000 12916.9146000
70.8000000 13009.6649000
70.8100000 12925.5047000
70.8200000 12726.9549000
70.8300000 13098.6800000
70.8400000 12767.0764000
70.8500000 12535.0680000
70.8600000 12081.7284000
70.8700000 11999.0323000
70.8800000 12884.9111000
70.8900000 12904.3170000
70.9000000 12783.8099000
70.9100000 12584.6212000
70.9200000 12736.2053000
70.9300000 13055.1533000
70.9400000 12892.3393000
70.9500000 13076.7819000
70.9600000 12960.5608000
70.9700000 12724.2263000
70.9800000 12371.6364000
70.9900000 12517.6226000
71.0000000 13250.4809000
71.0100000 12381.3055000
71.0200000 12396.6011000
71.0300000 12732.7695000
71.0400000 12705.2748000
71.0500000 12938.8552000
71.0600000 13075.1419000
71.0700000 12877.1685000
71.0800000 12731.8974000
71.0900000 12711.2404000
71.1000000 13209.6319000
71.1100000 12271.4377000
71.1200000 13155.8263000
71.1300000 12844.4717000
71.1400000 13333.2946000
71.1500000 13240.8615000
71.1600000 13242.7236000
71.1700000 12899.1980000
71.1800000 13334.0624000
71.1900000 13177.5192000
71.2000000 13254.7253000
71.2100000 13038.8146000
71.2200000 13719.7116000
71.2300000 13806.5054000
71.2400000 13043.4506000
71.2500000 13118.2563000
71.2600000 13383.5943000
71.2700000 13656.0616000
71.2800000 13481.9807000
71.2900000 13442.5359000
71.3000000 13857.9692000
71.3100000 13646.0205000
71.3200000 13090.8175000
71.3300000 13598.4554000
71.3400000 12938.7054000
71.3500000 13371.9991000
71.3600000 13509.7147000
71.3700000 13344.6335000
71.3800000 13983.6284000
71.3900000 13641.3815000
71.4000000 13354.1016000
71.4100000 13054.8892000
71.4200000 13707.7685000
71.4300000 13662.3674000
71.4400000 13491.3632000
71.4500000 13421.7621000
71.4600000 13683.3182000
71.4700000 13812.6900000
71.4800000 13046.5371000
71.4900000 13170.9491000
71.5000000 13421.2387000
71.5100000 13147.4706000
71.5200000 13204.0156000
71.5300000 12757.7792000
71.5400000 13029.5271000
71.5500000 12988.8476000
71.5600000 12776.9734000
71.5700000 13000.1843000
71.5800000 12417.1702000
71.5900000 12808.4448000
71.6000000 13409.4704000
71.6100000 12864.6116000
71.6200000 13179.4199000
71.6300000 13090.3040000
71.6400000 13106.8042000
71.6500000 12798.6644000
71.6600000 12977.3090000
71.6700000 13129.3903000
71.6800000 12958.9324000
71.6900000 12259.2173000
71.7000000 12727.1551000
71.7100000 13468.9817000
71.7200000 13024.8608000
71.7300000 13017.1901000
71.7400000 12876.1132000
71.7500000 13260.9019000
71.7600000 13148.8401000
71.7700000 12630.2087000
71.7800000 12550.1990000
71.7900000 12948.0275000
71.8000000 12891.6325000
71.8100000 12906.0358000
71.8200000 13274.3993000
71.8300000 13021.0302000
71.8400000 13257.4814000
71.8500000 12804.0675000
71.8600000 12422.9848000
71.8700000 12527.6716000
71.8800000 12896.2400000
71.8900000 13028.3388000
71.9000000 13068.1572000
71.9100000 13065.8417000
71.9200000 13003.7270000
71.9300000 12444.7708000
71.9400000 12673.5349000
71.9500000 13064.8677000
71.9600000 13065.7247000
71.9700000 12976.2554000
71.9800000 12587.0216000
71.9900000 13134.2432000
72.0000000 12740.7890000
72.0100000 12929.9121000
72.0200000 13422.0408000
72.0300000 12637.3535000
72.0400000 12677.1156000
72.0500000 12363.6632000
72.0600000 12361.6110000
72.0700000 12911.5609000
72.0800000 13250.2022000
72.0900000 13386.4159000
72.1000000 12909.0958000
72.1100000 13149.2841000
72.1200000 13303.2438000
72.1300000 12890.2982000
72.1400000 13068.5565000
72.1500000 12997.8960000
72.1600000 12962.6395000
72.1700000 12743.0384000
72.1800000 13164.0037000
72.1900000 12951.0422000
72.2000000 13065.5105000
72.2100000 13210.3525000
72.2200000 13140.3038000
72.2300000 13289.5029000
72.2400000 13036.3168000
72.2500000 13068.3288000
72.2600000 13325.8479000
72.2700000 13881.4199000
72.2800000 13398.7195000
72.2900000 13198.7592000
72.3000000 13232.1045000
72.3100000 13225.2503000
72.3200000 13345.5258000
72.3300000 13144.7695000
72.3400000 13045.0172000
72.3500000 13863.7402000
72.3600000 13748.9832000
72.3700000 13133.2217000
72.3800000 13474.0145000
72.3900000 13730.9461000
72.4000000 13583.4162000
72.4100000 13358.7817000
72.4200000 13547.9028000
72.4300000 13749.1373000
72.4400000 13321.8938000
72.4500000 13882.1266000
72.4600000 13340.0177000
72.4700000 13586.1692000
72.4800000 13103.3061000
72.4900000 13473.0671000
72.5000000 12796.7203000
72.5100000 13204.4676000
72.5200000 12844.3961000
72.5300000 13061.7899000
72.5400000 13216.0032000
72.5500000 12881.5300000
72.5600000 13846.7173000
72.5700000 13413.9264000
72.5800000 12916.5614000
72.5900000 13435.3119000
72.6000000 13376.5548000
72.6100000 13059.6073000
72.6200000 13282.8365000
72.6300000 13319.3296000
72.6400000 13119.2693000
72.6500000 12727.8440000
72.6600000 13290.0254000
72.6700000 12814.0244000
72.6800000 13544.6069000
72.6900000 12688.0577000
72.7000000 12814.9504000
72.7100000 13159.7249000
72.7200000 13054.8667000
72.7300000 13113.0186000
72.7400000 13325.2319000
72.7500000 13081.0705000
72.7600000 13407.7302000
72.7700000 12843.2075000
72.7800000 12588.1001000
72.7900000 13177.5736000
72.8000000 13122.9332000
72.8100000 12766.4970000
72.8200000 13333.2016000
72.8300000 13520.4415000
72.8400000 13004.3264000
72.8500000 12706.0636000
72.8600000 13146.5212000
72.8700000 13469.7375000
72.8800000 13192.8207000
72.8900000 13135.2607000
72.9000000 12970.1065000
72.9100000 13087.7706000
72.9200000 12740.9967000
72.9300000 12687.8466000
72.9400000 12731.8789000
72.9500000 13328.0560000
72.9600000 12890.4896000
72.9700000 13503.5985000
72.9800000 12532.4085000
72.9900000 12850.0323000
73.0000000 12690.9406000
73.0100000 12783.3420000
73.0200000 13041.5853000
73.0300000 12602.5569000
73.0400000 12611.3101000
73.0500000 13039.7846000
73.0600000 13285.9986000
73.0700000 13571.0775000
73.0800000 12759.1998000
73.0900000 12352.8277000
73.1000000 12882.0673000
73.1100000 12911.4029000
73.1200000 12889.8325000
73.1300000 12748.6875000
73.1400000 13421.8769000
73.1500000 13234.8286000
73.1600000 12996.0777000
73.1700000 13171.5049000
73.1800000 13115.1944000
73.1900000 13282.3642000
73.2000000 13240.8861000
73.2100000 13046.2502000
73.2200000 12929.0596000
73.2300000 13048.3882000
73.2400000 12919.8514000
73.2500000 13052.0191000
73.2600000 12800.2411000
73.2700000 13111.9886000
73.2800000 13017.6562000
73.2900000 13330.2772000
73.3000000 12896.6225000
73.3100000 13277.8107000
73.3200000 13246.5079000
73.3300000 13236.9311000
73.3400000 13025.8166000
73.3500000 13794.0806000
73.3600000 13090.1463000
73.3700000 13073.3277000
73.3800000 13161.5054000
73.3900000 13741.5202000
73.4000000 13141.1800000
73.4100000 13327.0904000
73.4200000 12652.9195000
73.4300000 13619.1056000
73.4400000 13439.0831000
73.4500000 13004.7577000
73.4600000 12681.4839000
73.4700000 12961.6104000
73.4800000 13004.8414000
73.4900000 12857.1907000
73.5000000 13443.6654000
73.5100000 13102.0984000
73.5200000 13199.8004000
73.5300000 13003.0645000
73.5400000 13001.1055000
73.5500000 12926.0311000
73.5600000 12363.7327000
73.5700000 13172.5048000
73.5800000 14044.3155000
73.5900000 13567.9671000
73.6000000 13643.7022000
73.6100000 13392.1198000
73.6200000 12827.5691000
73.6300000 13378.5022000
73.6400000 13299.5534000
73.6500000 13556.2264000
73.6600000 13256.8049000
73.6700000 13583.1589000
73.6800000 13404.9293000
73.6900000 13415.2166000
73.7000000 13812.2884000
73.7100000 13502.3986000
73.7200000 13223.2099000
73.7300000 13102.3992000
73.7400000 12617.1486000
73.7500000 13572.3381000
73.7600000 13239.9167000
73.7700000 13717.8664000
73.7800000 13174.0178000
73.7900000 13194.6555000
73.8000000 13109.0028000
73.8100000 13192.9438000
73.8200000 13124.6180000
73.8300000 13076.6855000
73.8400000 12900.7673000
73.8500000 13155.8668000
73.8600000 13387.0423000
73.8700000 12333.2698000
73.8800000 12970.8481000
73.8900000 13172.5410000
73.9000000 13706.2111000
73.9100000 13311.4199000
73.9200000 12853.7032000
73.9300000 13116.4114000
73.9400000 13028.6883000
73.9500000 13313.7273000
73.9600000 13404.3642000
73.9700000 12832.6043000
73.9800000 13552.9503000
73.9900000 13187.4722000
74.0000000 13323.9645000
74.0100000 13352.4661000
74.0200000 13184.6079000
74.0300000 12921.1995000
74.0400000 13445.8214000
74.0500000 13354.1013000
74.0600000 13107.3310000
74.0700000 13228.0730000
74.0800000 13447.4920000
74.0900000 13260.3648000
74.1000000 13168.9067000
74.1100000 13096.6665000
74.1200000 13360.9349000
74.1300000 12857.8178000
74.1400000 13714.9940000
74.1500000 13046.3516000
74.1600000 12582.9291000
74.1700000 13710.1093000
74.1800000 13619.0317000
74.1900000 13262.2988000
74.2000000 13715.5480000
74.2100000 13528.7143000
74.2200000 13585.0789000
74.2300000 13255.9687000
74.2400000 13236.5694000
74.2500000 13149.3846000
74.2600000 13358.0739000
74.2700000 13604.1321000
74.2800000 13383.4763000
74.2900000 14199.2388000
74.3000000 13180.2468000
74.3100000 13411.1334000
74.3200000 13227.2084000
74.3300000 13721.9381000
74.3400000 13443.9583000
74.3500000 13394.4030000
74.3600000 13129.7880000
74.3700000 13319.1780000
74.3800000 13289.8827000
74.3900000 13907.3036000
74.4000000 13584.5889000
74.4100000 13378.6119000
74.4200000 13055.5204000
74.4300000 13142.1369000
74.4400000 13413.1230000
74.4500000 12860.9566000
74.4600000 12742.5621000
74.4700000 13274.5163000
74.4800000 13260.3548000
74.4900000 12763.6948000
74.5000000 13220.8631000
74.5100000 13683.7954000
74.5200000 13597.4851000
74.5300000 13328.5912000
74.5400000 13212.8298000
74.5500000 12813.3314000
74.5600000 13338.4296000
74.5700000 13631.1926000
74.5800000 13155.2151000
74.5900000 12874.8534000
74.6000000 13573.1613000
74.6100000 13379.5807000
74.6200000 13353.4315000
74.6300000 13314.0180000
74.6400000 13645.2298000
74.6500000 13535.4034000
74.6600000 13899.7757000
74.6700000 14139.2721000
74.6800000 13777.4613000
74.6900000 13420.6040000
74.7000000 13163.4847000
74.7100000 13041.6799000
74.7200000 13603.3084000
74.7300000 13352.5973000
74.7400000 13443.4693000
74.7500000 13344.6070000
74.7600000 13555.7530000
74.7700000 13129.5500000
74.7800000 13152.8905000
74.7900000 13396.7772000
74.8000000 13366.1755000
74.8100000 13597.0233000
74.8200000 13483.4170000
74.8300000 13771.6906000
74.8400000 13196.1555000
74.8500000 13375.0938000
74.8600000 13837.2281000
74.8700000 13100.5722000
74.8800000 13653.3226000
74.8900000 13558.0302000
74.9000000 13369.9259000
74.9100000 13703.0505000
74.9200000 13622.9137000
74.9300000 13749.4313000
74.9400000 13340.9294000
74.9500000 13428.7341000
74.9600000 14287.9331000
74.9700000 13784.5042000
74.9800000 13384.5998000
74.9900000 13428.8727000
75.0000000 13577.0396000
75.0100000 13267.9281000
75.0200000 13676.2487000
75.0300000 13333.3166000
75.0400000 13381.0453000
75.0500000 14009.0564000
75.0600000 13264.0254000
75.0700000 12880.6847000
75.0800000 13495.0938000
75.0900000 13073.8935000
75.1000000 13378.1992000
75.1100000 13040.2745000
75.1200000 13051.9967000
75.1300000 13738.0341000
75.1400000 13537.0694000
75.1500000 13318.8045000
75.1600000 13395.3196000
75.1700000 13541.1100000
75.1800000 13322.3337000
75.1900000 13343.1317000
75.2000000 13188.8999000
75.2100000 13616.2948000
75.2200000 13502.0652000
75.2300000 13780.9128000
75.2400000 13865.3458000
75.2500000 13806.9614000
75.2600000 13446.0263000
75.2700000 12755.3631000
75.2800000 13327.1244000
75.2900000 13693.9497000
75.3000000 13320.0372000
75.3100000 13711.4926000
75.3200000 13583.1878000
75.3300000 13177.9855000
75.3400000 13780.6636000
75.3500000 13532.7576000
75.3600000 13976.2146000
75.3700000 13931.3129000
75.3800000 13318.1912000
75.3900000 13898.8440000
75.4000000 13625.9171000
75.4100000 13511.2763000
75.4200000 13634.0358000
75.4300000 13860.1218000
75.4400000 13704.1878000
75.4500000 13694.6469000
75.4600000 13903.0146000
75.4700000 13947.5098000
75.4800000 14058.8910000
75.4900000 13647.9308000
75.5000000 13430.3787000
75.5100000 13655.5813000
75.5200000 13793.9094000
75.5300000 13522.0108000
75.5400000 13068.1429000
75.5500000 13343.5720000
75.5600000 13709.6664000
75.5700000 13803.7231000
75.5800000 13622.3169000
75.5900000 13628.1811000
75.6000000 13520.2650000
75.6100000 13217.3994000
75.6200000 13505.0161000
75.6300000 13108.6657000
75.6400000 13398.5730000
75.6500000 13423.8108000
75.6600000 13843.2716000
75.6700000 13388.3541000
75.6800000 13505.3739000
75.6900000 13746.6424000
75.7000000 13510.3243000
75.7100000 13569.4138000
75.7200000 13309.3268000
75.7300000 13383.9920000
75.7400000 13654.3753000
75.7500000 13632.5903000
75.7600000 13215.3112000
75.7700000 13679.8533000
75.7800000 13498.4825000
75.7900000 13643.7874000
75.8000000 13220.2045000
75.8100000 13473.1989000
75.8200000 13638.0886000
75.8300000 13439.4432000
75.8400000 13688.9465000
75.8500000 13581.0824000
75.8600000 13914.3496000
75.8700000 13063.1370000
75.8800000 13214.8011000
75.8900000 13313.0272000
75.9000000 13860.0016000
75.9100000 13694.6322000
75.9200000 13993.1813000
75.9300000 13601.9829000
75.9400000 13947.9805000
75.9500000 13235.1005000
75.9600000 13274.1946000
75.9700000 13975.5231000
75.9800000 13598.4055000
75.9900000 14047.2679000
76.0000000 13649.5103000
76.0100000 13987.6780000
76.0200000 13804.4507000
76.0300000 13539.3053000
76.0400000 13272.7499000
76.0500000 13639.0149000
76.0600000 13742.8291000
76.0700000 13646.8199000
76.0800000 13828.3873000
76.0900000 13408.3932000
76.1000000 13340.1416000
76.1100000 13564.4860000
76.1200000 13592.0125000
76.1300000 13672.6802000
76.1400000 13896.1983000
76.1500000 13485.7556000
76.1600000 14045.3161000
76.1700000 13914.5179000
76.1800000 13592.6155000
76.1900000 13768.0115000
76.2000000 13288.7848000
76.2100000 13147.8986000
76.2200000 13930.5180000
76.2300000 13651.0956000
76.2400000 14150.8735000
76.2500000 14003.2169000
76.2600000 13485.5260000
76.2700000 13372.3149000
76.2800000 13813.1885000
76.2900000 13486.8681000
76.3000000 13416.0985000
76.3100000 13374.6277000
76.3200000 13540.5136000
76.3300000 13233.9972000
76.3400000 13485.2618000
76.3500000 13825.6793000
76.3600000 13644.9095000
76.3700000 14056.8639000
76.3800000 13762.2088000
76.3900000 13519.6948000
76.4000000 13686.2867000
76.4100000 13133.8496000
76.4200000 13868.2563000
76.4300000 13649.6089000
76.4400000 13466.5652000
76.4500000 14113.5555000
76.4600000 13592.2931000
76.4700000 13946.1829000
76.4800000 13876.3372000
76.4900000 13746.5048000
76.5000000 13895.2953000
76.5100000 13499.9751000
76.5200000 13913.5652000
76.5300000 13141.9808000
76.5400000 13547.1831000
76.5500000 13234.5977000
76.5600000 13547.7372000
76.5700000 13662.1426000
76.5800000 13341.2498000
76.5900000 13492.5425000
76.6000000 13559.9253000
76.6100000 13546.7733000
76.6200000 13734.4368000
76.6300000 14133.2395000
76.6400000 14168.6174000
76.6500000 13953.6071000
76.6600000 13892.9077000
76.6700000 13745.9843000
76.6800000 13540.0304000
76.6900000 13422.8396000
76.7000000 13621.4058000
76.7100000 13912.4369000
76.7200000 13857.0158000
76.7300000 13712.1849000
76.7400000 13935.4013000
76.7500000 13447.3991000
76.7600000 13434.6362000
76.7700000 13616.5394000
76.7800000 13854.7122000
76.7900000 13852.7456000
76.8000000 13420.8995000
76.8100000 14030.1803000
76.8200000 13683.8300000
76.8300000 13044.8392000
76.8400000 13593.5966000
76.8500000 13460.8077000
76.8600000 13879.5137000
76.8700000 13897.9671000
76.8800000 14041.3889000
76.8900000 13242.5252000
76.9000000 14212.7274000
76.9100000 13973.4677000
76.9200000 14311.2360000
76.9300000 14036.0047000
76.9400000 14012.6035000
76.9500000 13626.3170000
76.9600000 13451.3219000
76.9700000 13942.6509000
76.9800000 14051.3539000
76.9900000 13963.0542000
77.0000000 13792.5830000
77.0100000 14113.7296000
77.0200000 13696.5301000
77.0300000 13856.4886000
77.0400000 13358.6258000
77.0500000 13649.6480000
77.0600000 13444.5538000
77.0700000 13961.8685000
77.0800000 14135.8290000
77.0900000 13572.9612000
77.1000000 13887.2800000
77.1100000 13431.0584000
77.1200000 13386.9065000
77.1300000 14035.6590000
77.1400000 13699.7537000
77.1500000 13043.5783000
77.1600000 13570.7535000
77.1700000 14106.6470000
77.1800000 13613.3435000
77.1900000 13765.2666000
77.2000000 14098.6772000
77.2100000 13907.9114000
77.2200000 14070.1628000
77.2300000 13690.6108000
77.2400000 13757.3326000
77.2500000 14396.5494000
77.2600000 14256.3436000
77.2700000 13577.1576000
77.2800000 13544.9545000
77.2900000 14209.5172000
77.3000000 13804.9749000
77.3100000 13702.7904000
77.3200000 13813.2454000
77.3300000 14135.9004000
77.3400000 14229.5165000
77.3500000 13643.0829000
77.3600000 14034.1186000
77.3700000 13364.1081000
77.3800000 13904.6614000
77.3900000 13846.9561000
77.4000000 14168.2673000
77.4100000 13678.5754000
77.4200000 13939.4994000
77.4300000 13819.9575000
77.4400000 13103.2946000
77.4500000 13611.6119000
77.4600000 13984.3579000
77.4700000 14099.7119000
77.4800000 13404.2076000
77.4900000 13649.3296000
77.5000000 13023.3077000
77.5100000 13490.7380000
77.5200000 13835.8754000
77.5300000 13514.3522000
77.5400000 14188.5266000
77.5500000 14096.4490000
77.5600000 13592.0227000
77.5700000 13958.1453000
77.5800000 14144.2294000
77.5900000 13897.5973000
77.6000000 13478.5785000
77.6100000 13429.2998000
77.6200000 14102.7341000
77.6300000 13659.4185000
77.6400000 14363.9130000
77.6500000 14223.3444000
77.6600000 14287.1308000
77.6700000 14275.9150000
77.6800000 13406.9272000
77.6900000 13696.5364000
77.7000000 13781.0954000
77.7100000 12972.1680000
77.7200000 13788.0998000
77.7300000 13977.4868000
77.7400000 14033.2065000
77.7500000 13634.8063000
77.7600000 13746.6147000
77.7700000 14377.1341000
77.7800000 13737.5570000
77.7900000 13766.5609000
77.8000000 13677.4030000
77.8100000 13756.9787000
77.8200000 14316.1420000
77.8300000 13742.2706000
77.8400000 13709.9416000
77.8500000 14293.5255000
77.8600000 13988.8274000
77.8700000 13841.7798000
77.8800000 13432.5712000
77.8900000 13748.3370000
77.9000000 13972.2717000
77.9100000 14170.7815000
77.9200000 14055.7813000
77.9300000 14771.4980000
77.9400000 13797.2717000
77.9500000 13873.8910000
77.9600000 13902.7171000
77.9700000 14259.5805000
77.9800000 14286.8898000
77.9900000 14260.4473000
78.0000000 13711.7324000
78.0100000 13699.3248000
78.0200000 13766.7534000
78.0300000 14075.2082000
78.0400000 13661.1252000
78.0500000 14111.5578000
78.0600000 14191.0946000
78.0700000 14229.4996000
78.0800000 14058.1331000
78.0900000 14048.6608000
78.1000000 14110.0657000
78.1100000 13951.0397000
78.1200000 13950.9735000
78.1300000 14156.3204000
78.1400000 13850.4720000
78.1500000 14015.3312000
78.1600000 14065.0216000
78.1700000 14242.2934000
78.1800000 14190.4778000
78.1900000 14168.3197000
78.2000000 13895.2943000
78.2100000 13696.7310000
78.2200000 13783.6852000
78.2300000 13817.2136000
78.2400000 13724.8679000
78.2500000 14521.5497000
78.2600000 14144.1537000
78.2700000 14317.2419000
78.2800000 14592.3439000
78.2900000 13854.8586000
78.3000000 14158.2769000
78.3100000 13803.8738000
78.3200000 13700.2731000
78.3300000 13944.2742000
78.3400000 14028.6452000
78.3500000 14097.7776000
78.3600000 13834.7492000
78.3700000 13907.5386000
78.3800000 14049.1860000
78.3900000 13939.5754000
78.4000000 14355.0385000
78.4100000 14156.1656000
78.4200000 14042.3642000
78.4300000 13722.4895000
78.4400000 14328.3033000
78.4500000 14092.0833000
78.4600000 14397.9905000
78.4700000 14280.7291000
78.4800000 13970.2356000
78.4900000 13960.3460000
78.5000000 13944.1329000
78.5100000 14044.0451000
78.5200000 13758.3962000
78.5300000 14084.8844000
78.5400000 14071.2041000
78.5500000 13993.8505000
78.5600000 14760.1474000
78.5700000 14242.7684000
78.5800000 14426.4745000
78.5900000 14044.7484000
78.6000000 14274.5959000
78.6100000 14228.2974000
78.6200000 14038.1314000
78.6300000 14102.6782000
78.6400000 14789.2409000
78.6500000 14299.5544000
78.6600000 14098.4461000
78.6700000 13943.1603000
78.6800000 13910.7685000
78.6900000 13816.2609000
78.7000000 14034.6620000
78.7100000 14009.8259000
78.7200000 14164.4010000
78.7300000 14151.3855000
78.7400000 14226.9313000
78.7500000 14028.0886000
78.7600000 14339.1713000
78.7700000 14316.3458000
78.7800000 14522.0898000
78.7900000 14387.3840000
78.8000000 13732.4229000
78.8100000 13826.5048000
78.8200000 13659.9762000
78.8300000 14389.7870000
78.8400000 14306.3516000
78.8500000 14273.8299000
78.8600000 14263.8260000
78.8700000 13913.2716000
78.8800000 13730.5473000
78.8900000 13546.6085000
78.9000000 14167.8582000
78.9100000 14170.0248000
78.9200000 14619.3936000
78.9300000 14659.0821000
78.9400000 13682.5971000
78.9500000 14367.4725000
78.9600000 14439.4819000
78.9700000 13404.9095000
78.9800000 14149.6305000
78.9900000 14227.4569000
79.0000000 14267.6449000
79.0100000 14742.7185000
79.0200000 14310.1199000
79.0300000 14008.4678000
79.0400000 13999.6745000
79.0500000 14693.1463000
79.0600000 13876.8453000
79.0700000 14229.0832000
79.0800000 14602.8312000
79.0900000 15090.9554000
79.1000000 14745.3266000
79.1100000 14062.5165000
79.1200000 14389.0170000
79.1300000 14272.7534000
79.1400000 14049.8665000
79.1500000 14028.2052000
79.1600000 14137.2269000
79.1700000 13743.9130000
79.1800000 13477.1271000
79.1900000 14699.7969000
79.2000000 14064.5553000
79.2100000 13785.6052000
79.2200000 14263.1699000
79.2300000 14104.8892000
79.2400000 14004.3328000
79.2500000 14601.1658000
79.2600000 14147.2820000
79.2700000 14161.1906000
79.2800000 13541.5875000
79.2900000 14065.3152000
79.3000000 14241.8765000
79.3100000 13949.7470000
79.3200000 14528.3939000
79.3300000 14422.6453000
79.3400000 13787.6438000
79.3500000 14216.1052000
79.3600000 13826.2853000
79.3700000 14456.9017000
79.3800000 14342.0421000
79.3900000 14477.7138000
79.4000000 14953.1723000
79.4100000 14368.1974000
79.4200000 14435.7840000
79.4300000 14370.7425000
79.4400000 14466.5304000
79.4500000 14026.9246000
79.4600000 14431.6190000
79.4700000 14749.2979000
79.4800000 14343.0543000
79.4900000 14310.1836000
79.5000000 14613.5303000
79.5100000 14346.5439000
79.5200000 14747.7974000
79.5300000 13872.4653000
79.5400000 14307.1116000
79.5500000 15260.7051000
79.5600000 14694.7215000
79.5700000 13643.1643000
79.5800000 13431.7891000
79.5900000 14436.2295000
79.6000000 14501.1991000
79.6100000 13957.6667000
79.6200000 14368.6055000
79.6300000 14453.8307000
79.6400000 13718.6264000
79.6500000 14289.8494000
79.6600000 13983.8053000
79.6700000 14370.7494000
79.6800000 14228.5492000
79.6900000 14527.5142000
79.7000000 14429.3535000
79.7100000 14021.6615000
79.7200000 14353.4922000
79.7300000 14157.1421000
79.7400000 14602.5460000
79.7500000 14301.8502000
79.7600000 14730.6342000
79.7700000 14084.8775000
79.7800000 14268.7230000
79.7900000 14604.0998000
79.8000000 14331.8966000
79.8100000 13950.9306000
79.8200000 14374.0732000
79.8300000 14416.0089000
79.8400000 13870.3402000
79.8500000 14510.6829000
79.8600000 14365.7422000
79.8700000 14535.0298000
79.8800000 14885.7463000
79.8900000 14489.3504000
79.9000000 14192.6674000
79.9100000 14393.4217000
79.9200000 14498.3771000
79.9300000 14248.3067000
79.9400000 14470.0424000
79.9500000 14551.0776000
79.9600000 14361.6202000
79.9700000 13918.2449000
79.9800000 14417.3975000
79.9900000 14711.3220000
80.0000000 15106.3674000
80.0100000 14965.3086000
80.0200000 15200.8271000
80.0300000 14997.9845000
80.0400000 14853.6769000
80.0500000 14895.4226000
80.0600000 14221.0316000
80.0700000 14434.3163000
80.0800000 14280.7078000
80.0900000 14270.2484000
80.1000000 14722.2330000
80.1100000 14943.7558000
80.1200000 14376.7451000
80.1300000 14698.3895000
80.1400000 14578.8030000
80.1500000 14229.2443000
80.1600000 14925.5510000
80.1700000 14980.4371000
80.1800000 14972.0492000
80.1900000 14793.8306000
80.2000000 14593.6427000
80.2100000 14473.1703000
80.2200000 15056.9471000
80.2300000 14571.6691000
80.2400000 14697.7440000
80.2500000 14505.3708000
80.2600000 14409.1487000
80.2700000 14347.2997000
80.2800000 14485.5245000
80.2900000 14841.3516000
80.3000000 14827.3064000
80.3100000 14801.6871000
80.3200000 14336.2735000
80.3300000 13931.9532000
80.3400000 14246.8231000
80.3500000 14339.1527000
80.3600000 14305.4726000
80.3700000 14747.9584000
80.3800000 14489.7808000
80.3900000 14971.6341000
80.4000000 14843.1639000
80.4100000 14230.6303000
80.4200000 14367.4202000
80.4300000 14104.3488000
80.4400000 13992.6704000
80.4500000 14879.6321000
80.4600000 14877.5846000
80.4700000 14816.4840000
80.4800000 14477.5477000
80.4900000 14820.3402000
80.5000000 14447.6714000
80.5100000 14306.2309000
80.5200000 14654.0275000
80.5300000 14222.6375000
80.5400000 14378.7682000
80.5500000 14421.8590000
80.5600000 14352.9091000
80.5700000 14077.4085000
80.5800000 14266.4327000
80.5900000 14655.0578000
80.6000000 14189.6157000
80.6100000 14305.4799000
80.6200000 14448.7285000
80.6300000 14798.9121000
80.6400000 14140.3794000
80.6500000 14822.1454000
80.6600000 14815.0561000
80.6700000 14097.2294000
80.6800000 14541.0409000
80.6900000 14214.4671000
80.7000000 14189.4996000
80.7100000 14774.3985000
80.7200000 14401.6866000
80.7300000 14513.3142000
80.7400000 13981.5808000
80.7500000 14328.2791000
80.7600000 14351.4193000
80.7700000 13799.9842000
80.7800000 13932.5564000
80.7900000 14653.8424000
80.8000000 14500.5676000
80.8100000 14680.2729000
80.8200000 14223.9639000
80.8300000 14667.2233000
80.8400000 14752.1140000
80.8500000 14550.3101000
80.8600000 13939.4235000
80.8700000 14613.4355000
80.8800000 14597.9637000
80.8900000 14697.4478000
80.9000000 14350.9744000
80.9100000 14363.5622000
80.9200000 14213.4594000
80.9300000 14539.9366000
80.9400000 14144.0230000
80.9500000 14762.0769000
80.9600000 14690.9293000
80.9700000 14649.6941000
80.9800000 14359.3077000
80.9900000 14434.3615000
81.0000000 14517.5266000
81.0100000 14559.6547000
81.0200000 15043.8062000
81.0300000 15004.7271000
81.0400000 14767.0644000
81.0500000 14346.6982000
81.0600000 15214.2775000
81.0700000 15053.9061000
81.0800000 14592.6344000
81.0900000 14610.5572000
81.1000000 14573.3798000
81.1100000 14726.5554000
81.1200000 15236.6421000
81.1300000 14835.3764000
81.1400000 14652.8035000
81.1500000 14675.0498000
81.1600000 14776.2186000
81.1700000 14424.0931000
81.1800000 14282.3744000
81.1900000 14166.7716000
81.2000000 14495.5440000
81.2100000 14550.1557000
81.2200000 14210.6203000
81.2300000 14653.7806000
81.2400000 14736.5114000
81.2500000 14739.7144000
81.2600000 14599.3990000
81.2700000 14774.1859000
81.2800000 14334.9154000
81.2900000 14712.2862000
81.3000000 14955.3268000
81.3100000 14480.8270000
81.3200000 15132.3001000
81.3300000 14752.8408000
81.3400000 14748.5052000
81.3500000 14645.7799000
81.3600000 14952.9176000
81.3700000 14274.1445000
81.3800000 14912.0072000
81.3900000 15091.0156000
81.4000000 14708.5570000
81.4100000 14506.8530000
81.4200000 14646.7801000
81.4300000 14652.9864000
81.4400000 14647.5860000
81.4500000 14807.3607000
81.4600000 14431.9546000
81.4700000 14389.9054000
81.4800000 14749.1268000
81.4900000 14007.4412000
81.5000000 15040.2822000
81.5100000 14833.5694000
81.5200000 14764.8191000
81.5300000 14494.6221000
81.5400000 14391.4447000
81.5500000 15049.0153000
81.5600000 14526.0000000
81.5700000 14622.7209000
81.5800000 14501.6627000
81.5900000 14487.1462000
81.6000000 14682.1340000
81.6100000 14435.9034000
81.6200000 14857.3550000
81.6300000 13974.4222000
81.6400000 14406.4593000
81.6500000 14481.0902000
81.6600000 14637.2795000
81.6700000 14778.5609000
81.6800000 14329.9700000
81.6900000 14340.5858000
81.7000000 15034.1718000
81.7100000 14625.6991000
81.7200000 14161.3277000
81.7300000 14698.3564000
81.7400000 14063.8670000
81.7500000 14802.8402000
81.7600000 14183.8750000
81.7700000 14119.5705000
81.7800000 14498.6372000
81.7900000 15194.1610000
81.8000000 14904.4385000
81.8100000 14238.9094000
81.8200000 14012.5049000
81.8300000 14714.6355000
81.8400000 14440.5664000
81.8500000 14818.6038000
81.8600000 14459.9877000
81.8700000 14774.6161000
81.8800000 14235.1415000
81.8900000 14782.0847000
81.9000000 15112.2817000
81.9100000 14324.8503000
81.9200000 14417.5427000
81.9300000 14693.5412000
81.9400000 15106.8639000
81.9500000 14943.0058000
81.9600000 15263.3314000
81.9700000 15142.3312000
81.9800000 14435.2613000
81.9900000 15109.7165000
82.0000000 15077.1282000
82.0100000 14387.6347000
82.0200000 14855.4247000
82.0300000 15179.0093000
82.0400000 15099.3055000
82.0500000 14392.8175000
82.0600000 15228.2525000
82.0700000 14965.3079000
82.0800000 14255.5360000
82.0900000 14930.8078000
82.1000000 14673.4300000
82.1100000 14016.3248000
82.1200000 15348.2123000
82.1300000 14864.5711000
82.1400000 15083.6774000
82.1500000 15201.5111000
82.1600000 15097.7135000
82.1700000 15353.8683000
82.1800000 14910.3988000
82.1900000 15222.0009000
82.2000000 15155.7469000
82.2100000 14827.4435000
82.2200000 15881.7373000
82.2300000 14873.7414000
82.2400000 15341.0408000
82.2500000 15021.8880000
82.2600000 15064.0436000
82.2700000 15527.6832000
82.2800000 15459.4709000
82.2900000 16031.4786000
82.3000000 15395.2661000
82.3100000 15361.7936000
82.3200000 15399.5615000
82.3300000 15466.4445000
82.3400000 16555.8612000
82.3500000 15356.0618000
82.3600000 16092.3467000
82.3700000 15727.1644000
82.3800000 15937.1697000
82.3900000 15462.3465000
82.4000000 15908.0978000
82.4100000 16127.2782000
82.4200000 15416.4380000
82.4300000 15431.7274000
82.4400000 15956.5274000
82.4500000 16327.4129000
82.4600000 15605.4059000
82.4700000 15715.4765000
82.4800000 15840.1891000
82.4900000 15597.0445000
82.5000000 15734.2204000
82.5100000 16206.4674000
82.5200000 15711.8358000
82.5300000 15547.4141000
82.5400000 15490.7864000
82.5500000 15393.1491000
82.5600000 15956.8676000
82.5700000 14909.2484000
82.5800000 15539.7440000
82.5900000 15628.3732000
82.6000000 14666.4855000
82.6100000 15289.4099000
82.6200000 15296.5522000
82.6300000 15737.2642000
82.6400000 14762.0617000
82.6500000 14822.0697000
82.6600000 14942.6096000
82.6700000 15041.1561000
82.6800000 14734.3267000
82.6900000 14727.0174000
82.7000000 15026.2199000
82.7100000 14923.0301000
82.7200000 15166.6823000
82.7300000 14803.3424000
82.7400000 15339.7244000
82.7500000 15426.6604000
82.7600000 15934.4502000
82.7700000 15196.9779000
82.7800000 14935.2711000
82.7900000 15331.6201000
82.8000000 14983.8415000
82.8100000 15873.4510000
82.8200000 15530.8588000
82.8300000 15337.2059000
82.8400000 15360.2910000
82.8500000 15221.7403000
82.8600000 15078.8471000
82.8700000 15130.0624000
82.8800000 14652.8908000
82.8900000 14378.0041000
82.9000000 14684.4762000
82.9100000 14980.7617000
82.9200000 14947.5726000
82.9300000 15447.4991000
82.9400000 14952.4142000
82.9500000 15254.1438000
82.9600000 15402.1574000
82.9700000 15004.9032000
82.9800000 14838.4450000
82.9900000 15330.6034000
83.0000000 14325.3827000
83.0100000 14430.3160000
83.0200000 14833.1513000
83.0300000 14565.4729000
83.0400000 14667.5634000
83.0500000 14829.1755000
83.0600000 15018.2061000
83.0700000 15001.7640000
83.0800000 14596.1199000
83.0900000 14716.4015000
83.1000000 14772.8529000
83.1100000 14790.9340000
83.1200000 14587.9013000
83.1300000 14709.1542000
83.1400000 14944.2568000
83.1500000 14702.3547000
83.1600000 14769.0844000
83.1700000 15070.3127000
83.1800000 14834.3381000
83.1900000 14693.7925000
83.2000000 14934.0247000
83.2100000 15682.1971000
83.2200000 14758.2303000
83.2300000 14554.4507000
83.2400000 15004.3454000
83.2500000 14849.9898000
83.2600000 15021.3349000
83.2700000 14758.0490000
83.2800000 15289.0378000
83.2900000 14667.5863000
83.3000000 15180.2148000
83.3100000 15373.0952000
83.3200000 15109.6533000
83.3300000 15166.8307000
83.3400000 14779.6737000
83.3500000 14686.6568000
83.3600000 14951.1433000
83.3700000 14870.1540000
83.3800000 14628.7143000
83.3900000 15840.0310000
83.4000000 14648.1461000
83.4100000 15022.7289000
83.4200000 14827.4841000
83.4300000 15036.0191000
83.4400000 15240.6363000
83.4500000 14784.7219000
83.4600000 14763.1668000
83.4700000 15036.0858000
83.4800000 15021.5901000
83.4900000 15069.5592000
83.5000000 14909.9862000
83.5100000 15130.5178000
83.5200000 15300.3667000
83.5300000 15502.8364000
83.5400000 15721.5744000
83.5500000 16155.4547000
83.5600000 15686.8986000
83.5700000 15830.4404000
83.5800000 16199.8404000
83.5900000 15568.0902000
83.6000000 15994.3154000
83.6100000 15350.3879000
83.6200000 15917.0679000
83.6300000 16745.3984000
83.6400000 16434.6642000
83.6500000 16568.5679000
83.6600000 16216.0772000
83.6700000 16337.0560000
83.6800000 16782.0017000
83.6900000 16841.6786000
83.7000000 16702.9024000
83.7100000 16756.7369000
83.7200000 16782.2584000
83.7300000 17030.0746000
83.7400000 18343.6096000
83.7500000 17427.3597000
83.7600000 16952.0233000
83.7700000 17409.0858000
83.7800000 16768.5441000
83.7900000 16179.5798000
83.8000000 17142.8696000
83.8100000 17639.3466000
83.8200000 17217.7554000
83.8300000 17801.7342000
83.8400000 17207.0054000
83.8500000 16865.0991000
83.8600000 16726.3673000
83.8700000 16497.1622000
83.8800000 16692.7150000
83.8900000 16765.6799000
83.9000000 16971.1999000
83.9100000 17053.9248000
83.9200000 16259.0254000
83.9300000 16396.7623000
83.9400000 16317.9675000
83.9500000 16330.0007000
83.9600000 16376.9654000
83.9700000 16420.0226000
83.9800000 15958.8177000
83.9900000 16203.4624000
84.0000000 16233.0538000
84.0100000 16211.3241000
84.0200000 16773.0285000
84.0300000 16629.6519000
84.0400000 15694.4048000
84.0500000 16382.8761000
84.0600000 15692.7253000
84.0700000 16066.6110000
84.0800000 15517.5435000
84.0900000 16275.4604000
84.1000000 15917.2605000
84.1100000 15650.3540000
84.1200000 15329.8637000
84.1300000 15431.0255000
84.1400000 15946.6992000
84.1500000 15495.3052000
84.1600000 15293.6215000
84.1700000 15394.6809000
84.1800000 15327.6579000
84.1900000 15593.8568000
84.2000000 15287.2454000
84.2100000 15125.5300000
84.2200000 15362.4898000
84.2300000 15309.4063000
84.2400000 15282.8158000
84.2500000 15227.5869000
84.2600000 15121.5533000
84.2700000 15167.8626000
84.2800000 15664.4564000
84.2900000 15838.3662000
84.3000000 14968.1943000
84.3100000 15202.7937000
84.3200000 15301.0368000
84.3300000 15751.3554000
84.3400000 15402.2079000
84.3500000 15089.6848000
84.3600000 15054.3785000
84.3700000 15151.2446000
84.3800000 15289.8053000
84.3900000 14650.6725000
84.4000000 15526.4148000
84.4100000 15423.0947000
84.4200000 15336.5492000
84.4300000 15492.7203000
84.4400000 15564.0566000
84.4500000 15789.2835000
84.4600000 14800.8113000
84.4700000 15352.1932000
84.4800000 15043.8464000
84.4900000 15085.3090000
84.5000000 15251.1685000
84.5100000 14742.6379000
84.5200000 15285.4406000
84.5300000 15010.8564000
84.5400000 15744.6801000
84.5500000 15681.8517000
84.5600000 14659.1744000
84.5700000 15256.4465000
84.5800000 15742.2230000
84.5900000 15590.0138000
84.6000000 14914.7954000
84.6100000 15204.1737000
84.6200000 15428.7818000
84.6300000 16213.4166000
84.6400000 15422.2888000
84.6500000 15571.2305000
84.6600000 15267.0172000
84.6700000 15178.0847000
84.6800000 14928.4095000
84.6900000 15412.3942000
84.7000000 15210.3907000
84.7100000 15096.7825000
84.7200000 14983.6495000
84.7300000 15655.9117000
84.7400000 14932.9969000
84.7500000 15283.4483000
84.7600000 14991.3115000
84.7700000 14806.1593000
84.7800000 15044.9302000
84.7900000 14885.0314000
84.8000000 15401.5323000
84.8100000 15101.6821000
84.8200000 15245.0182000
84.8300000 15132.1404000
84.8400000 15509.6163000
84.8500000 15385.7321000
84.8600000 16265.8517000
84.8700000 15092.7941000
84.8800000 15154.3329000
84.8900000 14863.6167000
84.9000000 15215.5014000
84.9100000 14894.4796000
84.9200000 15210.7214000
84.9300000 15397.4697000
84.9400000 15436.9491000
84.9500000 15582.2710000
84.9600000 15323.2394000
84.9700000 15296.6545000
84.9800000 15084.3716000
84.9900000 15596.0530000
85.0000000 15135.9561000
85.0100000 14941.3361000
85.0200000 15510.4527000
85.0300000 15099.7851000
85.0400000 14970.8827000
85.0500000 15346.3735000
85.0600000 15466.9889000
85.0700000 14968.3907000
85.0800000 15497.1370000
85.0900000 15726.5894000
85.1000000 15199.8658000
85.1100000 15386.7314000
85.1200000 15326.3196000
85.1300000 15500.0323000
85.1400000 15428.3287000
85.1500000 15176.8799000
85.1600000 15196.7522000
85.1700000 14699.1951000
85.1800000 15394.9265000
85.1900000 14918.9591000
85.2000000 15335.2888000
85.2100000 15663.7575000
85.2200000 15566.3408000
85.2300000 15996.7028000
85.2400000 15386.2435000
85.2500000 15058.5581000
85.2600000 15939.4175000
85.2700000 15233.9750000
85.2800000 15187.4311000
85.2900000 15858.4643000
85.3000000 15172.5694000
85.3100000 15307.9251000
85.3200000 15509.1515000
85.3300000 14926.2736000
85.3400000 15331.7495000
85.3500000 14922.3994000
85.3600000 15533.1851000
85.3700000 15102.7530000
85.3800000 15235.4118000
85.3900000 15060.0087000
85.4000000 15599.2541000
85.4100000 15422.6300000
85.4200000 14753.5487000
85.4300000 15658.1833000
85.4400000 15554.7255000
85.4500000 15261.8785000
85.4600000 15807.3812000
85.4700000 14984.1304000
85.4800000 15404.8734000
85.4900000 15176.3186000
85.5000000 15458.7576000
85.5100000 15639.6438000
85.5200000 15031.2596000
85.5300000 15284.9938000
85.5400000 15365.9713000
85.5500000 15076.9687000
85.5600000 15473.1756000
85.5700000 15311.3320000
85.5800000 15246.4297000
85.5900000 15100.7737000
85.6000000 15183.4361000
85.6100000 14954.7639000
85.6200000 15375.0585000
85.6300000 15039.4827000
85.6400000 15224.0466000
85.6500000 15702.9969000
85.6600000 15557.8560000
85.6700000 14942.2368000
85.6800000 15127.0733000
85.6900000 15215.7549000
85.7000000 15071.7883000
85.7100000 14832.7456000
85.7200000 15599.0719000
85.7300000 15438.8481000
85.7400000 15377.2093000
85.7500000 15760.9993000
85.7600000 15574.4568000
85.7700000 14813.2876000
85.7800000 15209.1883000
85.7900000 15943.4879000
85.8000000 15077.0369000
85.8100000 15358.2035000
85.8200000 15982.4921000
85.8300000 15524.4202000
85.8400000 15972.9337000
85.8500000 14864.9406000
85.8600000 15251.6126000
85.8700000 15994.8474000
85.8800000 15349.7333000
85.8900000 15345.5916000
85.9000000 15112.0578000
85.9100000 15468.3741000
85.9200000 14943.2196000
85.9300000 15563.3783000
85.9400000 15907.0009000
85.9500000 16050.6907000
85.9600000 15136.4471000
85.9700000 15709.6456000
85.9800000 15664.2387000
85.9900000 16017.0804000
86.0000000 15523.6389000
86.0100000 15151.0621000
86.0200000 15838.2266000
86.0300000 15061.8572000
86.0400000 16115.7183000
86.0500000 15870.1081000
86.0600000 15531.1622000
86.0700000 15374.3818000
86.0800000 15154.2600000
86.0900000 15558.0001000
86.1000000 15393.2427000
86.1100000 15884.3413000
86.1200000 15969.6963000
86.1300000 15971.9803000
86.1400000 15958.9767000
86.1500000 15620.3252000
86.1600000 15660.3462000
86.1700000 15307.0733000
86.1800000 15303.8380000
86.1900000 15117.3421000
86.2000000 15815.9398000
86.2100000 15571.1128000
86.2200000 15578.1606000
86.2300000 15596.5086000
86.2400000 15093.2003000
86.2500000 15582.7953000
86.2600000 15487.8516000
86.2700000 15258.0656000
86.2800000 15801.9504000
86.2900000 15300.9519000
86.3000000 15779.2129000
86.3100000 15514.6784000
86.3200000 15399.7220000
86.3300000 15542.4004000
86.3400000 15693.5814000
86.3500000 15810.5393000
86.3600000 15301.2153000
86.3700000 15554.9153000
86.3800000 15468.8596000
86.3900000 15658.0933000
86.4000000 15024.3989000
86.4100000 15178.2547000
86.4200000 15583.3318000
86.4300000 15979.2574000
86.4400000 15708.4887000
86.4500000 15395.8875000
86.4600000 15497.7165000
86.4700000 15456.3647000
86.4800000 15554.8421000
86.4900000 15263.6947000
86.5000000 15527.2298000
86.5100000 15295.9849000
86.5200000 15454.8749000
86.5300000 15636.7072000
86.5400000 15642.6662000
86.5500000 15920.9770000
86.5600000 15209.1024000
86.5700000 15548.5695000
86.5800000 15482.6052000
86.5900000 15761.4145000
86.6000000 15719.8464000
86.6100000 15882.9376000
86.6200000 16268.9991000
86.6300000 15403.8493000
86.6400000 15826.0732000
86.6500000 16054.7047000
86.6600000 15304.6038000
86.6700000 15381.2211000
86.6800000 15769.9684000
86.6900000 15332.9819000
86.7000000 15275.5202000
86.7100000 15394.9061000
86.7200000 15655.4899000
86.7300000 15854.2496000
86.7400000 15313.0461000
86.7500000 15624.9074000
86.7600000 15708.2301000
86.7700000 16349.3660000
86.7800000 16015.1812000
86.7900000 16100.8056000
86.8000000 16320.8670000
86.8100000 15628.5858000
86.8200000 15712.0424000
86.8300000 16067.5247000
86.8400000 16061.3268000
86.8500000 16113.2040000
86.8600000 16214.4546000
86.8700000 15911.4660000
86.8800000 15370.8601000
86.8900000 15490.4411000
86.9000000 15127.4894000
86.9100000 15527.4517000
86.9200000 15304.3784000
86.9300000 15700.6775000
86.9400000 15928.4280000
86.9500000 15392.3051000
86.9600000 15979.3997000
86.9700000 15293.5115000
86.9800000 16234.8310000
86.9900000 15773.8108000
87.0000000 16150.1582000
87.0100000 15521.1923000
87.0200000 15488.0441000
87.0300000 15890.1835000
87.0400000 15684.9708000
87.0500000 15378.2647000
87.0600000 15731.1511000
87.0700000 15295.2113000
87.0800000 15926.7629000
87.0900000 15783.4956000
87.1000000 15697.1529000
87.1100000 16016.9650000
87.1200000 15861.0718000
87.1300000 16145.1043000
87.1400000 15855.6577000
87.1500000 15356.2811000
87.1600000 15727.7083000
87.1700000 15851.7860000
87.1800000 16207.6503000
87.1900000 16019.8511000
87.2000000 15429.0659000
87.2100000 15375.1663000
87.2200000 15431.1877000
87.2300000 15627.5795000
87.2400000 15506.2618000
87.2500000 15797.0149000
87.2600000 15681.2119000
87.2700000 15477.5754000
87.2800000 15707.3258000
87.2900000 15694.8380000
87.3000000 15333.8227000
87.3100000 15739.9810000
87.3200000 16074.5697000
87.3300000 15678.1667000
87.3400000 15998.9092000
87.3500000 15668.3306000
87.3600000 15726.9988000
87.3700000 15309.7358000
87.3800000 15211.5308000
87.3900000 15470.7888000
87.4000000 15921.7186000
87.4100000 15770.3916000
87.4200000 15378.9437000
87.4300000 15464.1037000
87.4400000 15924.1521000
87.4500000 15629.5316000
87.4600000 16024.2757000
87.4700000 15757.2345000
87.4800000 16093.2690000
87.4900000 16023.0204000
87.5000000 15174.2567000
87.5100000 15847.6540000
87.5200000 16055.2114000
87.5300000 15013.5228000
87.5400000 16092.8323000
87.5500000 16310.2137000
87.5600000 16181.4341000
87.5700000 15203.2097000
87.5800000 15405.3675000
87.5900000 15804.0395000
87.6000000 16054.6315000
87.6100000 15891.7084000
87.6200000 16072.6718000
87.6300000 15312.7593000
87.6400000 15342.3104000
87.6500000 15703.8605000
87.6600000 15708.5871000
87.6700000 15605.2849000
87.6800000 15819.4506000
87.6900000 15410.1498000
87.7000000 15991.9924000
87.7100000 16013.8737000
87.7200000 16382.5284000
87.7300000 15119.8194000
87.7400000 16026.0990000
87.7500000 16428.7717000
87.7600000 15892.0677000
87.7700000 16039.0159000
87.7800000 15832.0410000
87.7900000 15571.5968000
87.8000000 16164.6491000
87.8100000 15895.9854000
87.8200000 15973.5968000
87.8300000 16214.3773000
87.8400000 16161.9196000
87.8500000 15985.9045000
87.8600000 15765.3093000
87.8700000 16024.1964000
87.8800000 15780.5559000
87.8900000 15402.2184000
87.9000000 16163.0651000
87.9100000 16040.9131000
87.9200000 16103.7198000
87.9300000 15346.4258000
87.9400000 15763.7588000
87.9500000 16271.7049000
87.9600000 15717.8137000
87.9700000 15198.1171000
87.9800000 16147.7972000
87.9900000 15765.0985000
88.0000000 15602.3279000
88.0100000 16086.9845000
88.0200000 15983.0295000
88.0300000 15095.8509000
88.0400000 16316.7062000
88.0500000 16202.1070000
88.0600000 15909.4724000
88.0700000 15617.1786000
88.0800000 15355.5971000
88.0900000 16167.5965000
88.1000000 16541.6983000
88.1100000 15636.0407000
88.1200000 16226.0955000
88.1300000 16348.4642000
88.1400000 16325.3697000
88.1500000 15954.3709000
88.1600000 15752.5346000
88.1700000 15454.2587000
88.1800000 15533.4718000
88.1900000 16038.1793000
88.2000000 16189.3232000
88.2100000 16229.7102000
88.2200000 16333.8293000
88.2300000 16366.1107000
88.2400000 16260.5529000
88.2500000 16329.3200000
88.2600000 15995.0755000
88.2700000 15969.9899000
88.2800000 16306.2400000
88.2900000 15987.7028000
88.3000000 16042.6597000
88.3100000 15589.3517000
88.3200000 15615.1334000
88.3300000 16032.0714000
88.3400000 16033.8726000
88.3500000 15927.1817000
88.3600000 15436.0379000
88.3700000 15995.1613000
88.3800000 16441.6826000
88.3900000 15371.1085000
88.4000000 16015.8420000
88.4100000 16105.9905000
88.4200000 16064.1708000
88.4300000 15932.0175000
88.4400000 16235.6751000
88.4500000 15811.7455000
88.4600000 15714.5149000
88.4700000 15975.6083000
88.4800000 15674.5449000
88.4900000 16140.4152000
88.5000000 16579.9944000
88.5100000 15640.1515000
88.5200000 15401.7263000
88.5300000 15991.9003000
88.5400000 16308.1991000
88.5500000 15884.7539000
88.5600000 16177.1870000
88.5700000 15310.0654000
88.5800000 16057.4202000
88.5900000 16066.8234000
88.6000000 15914.1207000
88.6100000 15865.5581000
88.6200000 16268.0468000
88.6300000 15938.4875000
88.6400000 15665.7394000
88.6500000 16078.7483000
88.6600000 15846.0062000
88.6700000 15212.6604000
88.6800000 15546.2478000
88.6900000 15798.0832000
88.7000000 15972.3418000
88.7100000 15069.9506000
88.7200000 16098.4901000
88.7300000 16267.1534000
88.7400000 15789.6541000
88.7500000 15738.0457000
88.7600000 15873.4379000
88.7700000 15883.9521000
88.7800000 16160.8704000
88.7900000 16617.2887000
88.8000000 15963.5554000
88.8100000 16210.0787000
88.8200000 15775.8108000
88.8300000 15134.5220000
88.8400000 16075.6435000
88.8500000 16145.7898000
88.8600000 16408.4170000
88.8700000 16473.9826000
88.8800000 15765.3328000
88.8900000 16091.7394000
88.9000000 16542.3284000
88.9100000 16038.3313000
88.9200000 15963.8998000
88.9300000 15987.4785000
88.9400000 16134.1679000
88.9500000 15916.8144000
88.9600000 15443.8581000
88.9700000 15903.3549000
88.9800000 16500.4588000
88.9900000 15624.9944000
89.0000000 15490.8366000
89.0100000 16013.9907000
89.0200000 15385.3669000
89.0300000 16271.4721000
89.0400000 15741.6056000
89.0500000 16071.0990000
89.0600000 15964.5259000
89.0700000 16120.6365000
89.0800000 16159.9769000
89.0900000 16224.8029000
89.1000000 16066.9294000
89.1100000 15452.0302000
89.1200000 16033.9694000
89.1300000 16515.6904000
89.1400000 16460.4957000
89.1500000 16115.2993000
89.1600000 16011.4239000
89.1700000 16215.5250000
89.1800000 16322.1324000
89.1900000 16718.0746000
89.2000000 16305.8225000
89.2100000 16244.0867000
89.2200000 15688.8683000
89.2300000 16845.9418000
89.2400000 16640.9589000
89.2500000 15934.7382000
89.2600000 16380.0321000
89.2700000 16261.3429000
89.2800000 16336.3294000
89.2900000 15513.4607000
89.3000000 16424.3149000
89.3100000 16520.1800000
89.3200000 16323.6862000
89.3300000 15674.7221000
89.3400000 16321.7043000
89.3500000 16241.4859000
89.3600000 16382.9998000
89.3700000 16263.1880000
89.3800000 16354.0542000
89.3900000 15630.4242000
89.4000000 15614.2529000
89.4100000 16060.2266000
89.4200000 16408.4048000
89.4300000 16376.4926000
89.4400000 15703.9449000
89.4500000 16114.9338000
89.4600000 16127.8783000
89.4700000 16746.4643000
89.4800000 15811.9766000
89.4900000 16392.6306000
89.5000000 16042.6577000
89.5100000 16369.1192000
89.5200000 16695.8565000
89.5300000 16464.5276000
89.5400000 16793.0958000
89.5500000 16261.2550000
89.5600000 16410.0314000
89.5700000 16489.9735000
89.5800000 16066.4486000
89.5900000 16471.4706000
89.6000000 16489.0823000
89.6100000 16495.2855000
89.6200000 16093.8525000
89.6300000 16182.9902000
89.6400000 16103.8811000
89.6500000 16746.9782000
89.6600000 16488.3436000
89.6700000 16785.8859000
89.6800000 16254.2635000
89.6900000 16641.4978000
89.7000000 16226.9341000
89.7100000 15977.9307000
89.7200000 16358.7861000
89.7300000 16839.9569000
89.7400000 15938.8755000
89.7500000 15862.2470000
89.7600000 16949.6549000
89.7700000 16543.0399000
89.7800000 16401.9613000
89.7900000 16151.7471000
89.8000000 15670.2510000
89.8100000 15951.9503000
89.8200000 16257.5015000
89.8300000 15877.9094000
89.8400000 15433.6181000
89.8500000 16342.5286000
89.8600000 16746.5360000
89.8700000 16129.0471000
89.8800000 16281.2546000
89.8900000 16574.8052000
89.9000000 16403.4795000
89.9100000 16442.7907000
89.9200000 16579.6392000
89.9300000 16663.2402000
89.9400000 16644.4843000
89.9500000 16791.1201000
89.9600000 15965.0722000
89.9700000 16687.3802000
89.9800000 16512.7441000
89.9900000 15977.6182000
90.0000000 16301.6436000
